uid|date_of_departure|departure_airport|time_of_departure|arrival_airport|time_of_arrival|flight_duration|flight_fare|departure_airport_flight_1|time_of_departure_flight_1|arrival_airport_flight_1|time_of_arrival_flight_1|airlines_flight_1|flight_fare_flight_1|seats_for_lower_price_flight_1|departure_airport_flight_2|time_of_departure_flight_2|arrival_airport_flight_2|time_of_arrival_flight_2|airlines_flight_2|flight_fare_flight_2|seats_for_lower_price_flight_2|date_of_download|day_of_download|day_of_departure
0|26.03.2019|PRG|11:35|FAO|21:35|11:00|773|PRG|11:35|EIN|13:00|Ryanair|389||EIN|11:35|FAO|21:35|Ryanair|384||26.01.2019|Saturday|út
1|19.03.2019|PRG|11:35|FAO|21:35|11:00|947|PRG|11:35|EIN|13:00|Ryanair|485||EIN|11:35|FAO|21:35|Ryanair|461||26.01.2019|Saturday|út
2|12.03.2019|PRG|11:35|FAO|21:35|11:00|947|PRG|11:35|EIN|13:00|Ryanair|485||EIN|11:35|FAO|21:35|Ryanair|461||26.01.2019|Saturday|út
3|26.02.2019|PRG|11:35|FAO|21:35|11:00|990|PRG|11:35|EIN|13:00|Ryanair|529||EIN|11:35|FAO|21:35|Ryanair|461|2|26.01.2019|Saturday|út
4|03.04.2019|PRG|07:50|FAO|13:05|6:15|998|PRG|07:50|EIN|09:15|Ryanair|485||EIN|07:50|FAO|13:05|Ryanair|513||26.01.2019|Saturday|st
5|28.02.2019|PRG|07:20|FAO|22:05|15:45|1071|PRG|07:20|STN|08:30|Ryanair|774|3|STN|07:20|FAO|22:05|Ryanair|296||26.01.2019|Saturday|čt
6|02.04.2019|PRG|06:15|FAO|17:10|11:55|1075|PRG|06:15|CRL|07:50|Ryanair|485||CRL|06:15|FAO|17:10|Ryanair|590|1|26.01.2019|Saturday|út
7|26.03.2019|PRG|07:20|FAO|22:05|15:45|1122|PRG|07:20|STN|08:30|Ryanair|676||STN|07:20|FAO|22:05|Ryanair|445||26.01.2019|Saturday|út
8|20.05.2019|PRG|06:15|FAO|18:15|13:00|1170|PRG|06:15|CRL|07:50|Ryanair|529||CRL|06:15|FAO|18:15|Ryanair|641|4|26.01.2019|Saturday|po
9|22.05.2019|PRG|08:55|FAO|15:50|7:55|1170|PRG|08:55|CRL|10:30|Ryanair|529||CRL|08:55|FAO|15:50|Ryanair|641|4|26.01.2019|Saturday|st
10|18.06.2019|PRG|06:15|FAO|17:10|11:55|1170|PRG|06:15|CRL|07:50|Ryanair|529||CRL|06:15|FAO|17:10|Ryanair|641||26.01.2019|Saturday|út
11|12.06.2019|PRG|08:55|FAO|15:50|7:55|1170|PRG|08:55|CRL|10:30|Ryanair|529|2|CRL|08:55|FAO|15:50|Ryanair|641|4|26.01.2019|Saturday|st
12|21.05.2019|PRG|06:15|FAO|17:10|11:55|1170|PRG|06:15|CRL|07:50|Ryanair|529||CRL|06:15|FAO|17:10|Ryanair|641||26.01.2019|Saturday|út
13|09.05.2019|PRG|06:15|FAO|15:50|10:35|1170|PRG|06:15|CRL|07:50|Ryanair|529||CRL|06:15|FAO|15:50|Ryanair|641||26.01.2019|Saturday|čt
14|04.06.2019|PRG|06:15|FAO|17:10|11:55|1170|PRG|06:15|CRL|07:50|Ryanair|529||CRL|06:15|FAO|17:10|Ryanair|641|5|26.01.2019|Saturday|út
15|11.06.2019|PRG|06:15|FAO|17:10|11:55|1170|PRG|06:15|CRL|07:50|Ryanair|529|1|CRL|06:15|FAO|17:10|Ryanair|641|3|26.01.2019|Saturday|út
16|15.05.2019|PRG|08:55|FAO|15:50|7:55|1170|PRG|08:55|CRL|10:30|Ryanair|529|3|CRL|08:55|FAO|15:50|Ryanair|641||26.01.2019|Saturday|st
17|14.05.2019|PRG|06:15|FAO|17:10|11:55|1170|PRG|06:15|CRL|07:50|Ryanair|529||CRL|06:15|FAO|17:10|Ryanair|641||26.01.2019|Saturday|út
18|17.05.2019|PRG|06:15|FAO|15:50|10:35|1170|PRG|06:15|CRL|07:50|Ryanair|529||CRL|06:15|FAO|15:50|Ryanair|641||26.01.2019|Saturday|pá
19|19.06.2019|PRG|08:55|FAO|15:50|7:55|1198|PRG|08:55|CRL|10:30|Ryanair|529||CRL|08:55|FAO|15:50|Ryanair|669||26.01.2019|Saturday|st
20|16.05.2019|PRG|06:15|FAO|15:50|10:35|1198|PRG|06:15|CRL|07:50|Ryanair|529||CRL|06:15|FAO|15:50|Ryanair|669|5|26.01.2019|Saturday|čt
21|20.06.2019|PRG|06:15|FAO|15:50|10:35|1198|PRG|06:15|CRL|07:50|Ryanair|529||CRL|06:15|FAO|15:50|Ryanair|669|5|26.01.2019|Saturday|čt
22|30.04.2019|PRG|06:15|FAO|17:10|11:55|1198|PRG|06:15|CRL|07:50|Ryanair|529||CRL|06:15|FAO|17:10|Ryanair|669||26.01.2019|Saturday|út
23|12.03.2019|PRG|07:20|FAO|22:05|15:45|1211|PRG|07:20|STN|08:30|Ryanair|676|2|STN|07:20|FAO|22:05|Ryanair|534|4|26.01.2019|Saturday|út
24|14.05.2019|PRG|06:35|FAO|18:55|13:20|1212|PRG|06:35|STN|07:35|Ryanair|529||STN|06:35|FAO|18:55|Ryanair|683|2|26.01.2019|Saturday|út
25|29.05.2019|PRG|06:35|FAO|20:55|15:20|1212|PRG|06:35|STN|07:35|Ryanair|529||STN|06:35|FAO|20:55|Ryanair|683|4|26.01.2019|Saturday|st
26|02.04.2019|PRG|12:25|FAO|21:50|10:25|779|PRG|12:25|LGW|13:35|easyJet|333|3|LGW|12:25|FAO|21:50|easyJet|445|3|26.01.2019|Saturday|út
27|19.06.2019|PRG|07:50|FAO|13:05|6:15|1240|PRG|07:50|EIN|09:15|Ryanair|529||EIN|07:50|FAO|13:05|Ryanair|711|5|26.01.2019|Saturday|st
28|05.02.2019|PRG|11:35|FAO|21:35|11:00|1240|PRG|11:35|EIN|13:00|Ryanair|529|3|EIN|11:35|FAO|21:35|Ryanair|711|2|26.01.2019|Saturday|út
29|19.02.2019|PRG|11:35|FAO|21:35|11:00|1240|PRG|11:35|EIN|13:00|Ryanair|529||EIN|11:35|FAO|21:35|Ryanair|711|4|26.01.2019|Saturday|út
30|26.06.2019|PRG|07:50|FAO|13:05|6:15|1240|PRG|07:50|EIN|09:15|Ryanair|529||EIN|07:50|FAO|13:05|Ryanair|711||26.01.2019|Saturday|st
31|08.05.2019|PRG|07:50|FAO|13:05|6:15|1240|PRG|07:50|EIN|09:15|Ryanair|529||EIN|07:50|FAO|13:05|Ryanair|711||26.01.2019|Saturday|st
32|12.02.2019|PRG|11:35|FAO|21:35|11:00|1240|PRG|11:35|EIN|13:00|Ryanair|529||EIN|11:35|FAO|21:35|Ryanair|711|3|26.01.2019|Saturday|út
33|15.05.2019|PRG|07:50|FAO|13:05|6:15|1240|PRG|07:50|EIN|09:15|Ryanair|529||EIN|07:50|FAO|13:05|Ryanair|711|3|26.01.2019|Saturday|st
34|12.06.2019|PRG|07:50|FAO|13:05|6:15|1240|PRG|07:50|EIN|09:15|Ryanair|529||EIN|07:50|FAO|13:05|Ryanair|711|3|26.01.2019|Saturday|st
35|01.04.2019|PRG|06:15|FAO|18:15|13:00|1266|PRG|06:15|CRL|07:50|Ryanair|676|1|CRL|06:15|FAO|18:15|Ryanair|590|3|26.01.2019|Saturday|po
36|03.04.2019|PRG|08:55|FAO|15:50|7:55|1281|PRG|08:55|CRL|10:30|Ryanair|485||CRL|08:55|FAO|15:50|Ryanair|795|4|26.01.2019|Saturday|st
37|07.03.2019|PRG|07:20|FAO|22:05|15:45|1286|PRG|07:20|STN|08:30|Ryanair|485|2|STN|07:20|FAO|22:05|Ryanair|800||26.01.2019|Saturday|čt
38|13.05.2019|PRG|06:15|FAO|18:15|13:00|1318|PRG|06:15|CRL|07:50|Ryanair|676|1|CRL|06:15|FAO|18:15|Ryanair|641||26.01.2019|Saturday|po
39|08.05.2019|PRG|08:55|FAO|15:50|7:55|1318|PRG|08:55|CRL|10:30|Ryanair|676|1|CRL|08:55|FAO|15:50|Ryanair|641||26.01.2019|Saturday|st
40|03.06.2019|PRG|06:15|FAO|18:15|13:00|1318|PRG|06:15|CRL|07:50|Ryanair|676|3|CRL|06:15|FAO|18:15|Ryanair|641||26.01.2019|Saturday|po
41|07.05.2019|PRG|06:15|FAO|17:10|11:55|1324|PRG|06:15|CRL|07:50|Ryanair|529||CRL|06:15|FAO|17:10|Ryanair|795||26.01.2019|Saturday|út
42|02.05.2019|PRG|06:15|FAO|15:50|10:35|1324|PRG|06:15|CRL|07:50|Ryanair|529||CRL|06:15|FAO|15:50|Ryanair|795|5|26.01.2019|Saturday|čt
43|18.05.2019|PRG|06:15|FAO|15:50|10:35|1324|PRG|06:15|CRL|07:50|Ryanair|529||CRL|06:15|FAO|15:50|Ryanair|795||26.01.2019|Saturday|so
44|12.06.2019|PRG|06:35|FAO|17:55|12:20|1329|PRG|06:35|STN|07:35|Ryanair|529||STN|06:35|FAO|17:55|Ryanair|800||26.01.2019|Saturday|st
45|12.06.2019|PRG|11:40|FAO|17:55|7:15|1329|PRG|11:40|STN|12:40|Ryanair|529||STN|11:40|FAO|17:55|Ryanair|800||26.01.2019|Saturday|st
46|03.04.2019|PRG|10:50|FAO|19:50|10:00|908|PRG|10:50|SEN|11:45|easyJet|463|8|SEN|10:50|FAO|19:50|Ryanair|445||26.01.2019|Saturday|st
47|12.03.2019|PRG|11:35|FAO|18:15|7:40|1127|PRG|11:35|EIN|13:00|Ryanair|485||EIN|11:35|FAO|18:15|Transavia|641||26.01.2019|Saturday|út
48|19.03.2019|PRG|11:35|FAO|18:15|7:40|1127|PRG|11:35|EIN|13:00|Ryanair|485||EIN|11:35|FAO|18:15|Transavia|641||26.01.2019|Saturday|út
49|02.04.2019|PRG|12:25|FAO|19:25|8:00|964|PRG|12:25|LGW|13:35|easyJet|333|3|LGW|12:25|FAO|19:25|easyJet|630|8|26.01.2019|Saturday|út
50|26.02.2019|PRG|11:35|FAO|18:15|7:40|1170|PRG|11:35|EIN|13:00|Ryanair|529||EIN|11:35|FAO|18:15|Transavia|641||26.01.2019|Saturday|út
51|29.04.2019|PRG|10:50|FAO|18:55|9:05|997|PRG|10:50|SEN|11:45|easyJet|463|4|SEN|10:50|FAO|18:55|Ryanair|534|5|26.01.2019|Saturday|po
52|14.05.2019|PRG|12:25|FAO|21:50|10:25|1076|PRG|12:25|LGW|13:35|easyJet|333|4|LGW|12:25|FAO|21:50|easyJet|742|4|26.01.2019|Saturday|út
53|30.03.2019|PRG|10:30|FAO|22:05|12:35|1104|PRG|10:30|STN|11:30|easyJet|303|3|STN|10:30|FAO|22:05|Ryanair|800||26.01.2019|Saturday|so
54|11.05.2019|PRG|15:10|FAO|22:10|8:00|1134|PRG|15:10|STN|16:05|easyJet|333|4|STN|15:10|FAO|22:10|Ryanair|800||26.01.2019|Saturday|so
55|14.05.2019|PRG|12:25|FAO|19:25|8:00|1136|PRG|12:25|LGW|13:35|easyJet|333|4|LGW|12:25|FAO|19:25|easyJet|802|3|26.01.2019|Saturday|út
56|26.03.2019|PRG|12:35|FAO|20:15|8:40|1175|PRG|12:35|LGW|13:45|easyJet|274|3|LGW|12:35|FAO|20:15|easyJet|900|4|26.01.2019|Saturday|út
57|30.04.2019|PRG|12:25|FAO|21:50|10:25|1181|PRG|12:25|LGW|13:35|easyJet|735|5|LGW|12:25|FAO|21:50|easyJet|445|1|26.01.2019|Saturday|út
58|16.03.2019|PRG|10:30|FAO|22:05|12:35|1198|PRG|10:30|STN|11:30|easyJet|664|1|STN|10:30|FAO|22:05|Ryanair|534||26.01.2019|Saturday|so
59|20.05.2019|PRG|10:50|FAO|18:55|9:05|1203|PRG|10:50|SEN|11:45|easyJet|402|8|SEN|10:50|FAO|18:55|Ryanair|800||26.01.2019|Saturday|po
60|29.05.2019|PRG|15:05|FAO|20:55|6:50|1206|PRG|15:05|STN|15:55|easyJet|523|6|STN|15:05|FAO|20:55|Ryanair|683|4|26.01.2019|Saturday|st
61|03.04.2019|PRG|15:05|FAO|20:55|6:50|1263|PRG|15:05|STN|15:55|easyJet|342|8|STN|15:05|FAO|20:55|Ryanair|921||26.01.2019|Saturday|st
62|29.05.2019|PRG|10:50|FAO|19:50|10:00|1293|PRG|10:50|SEN|11:45|easyJet|493|5|SEN|10:50|FAO|19:50|Ryanair|800||26.01.2019|Saturday|st
63|13.05.2019|PRG|12:25|FAO|21:25|10:00|1300|PRG|12:25|LGW|13:35|easyJet|735|1|LGW|12:25|FAO|21:25|easyJet|564|4|26.01.2019|Saturday|po
64|25.09.2019|PRG|08:55|FAO|15:50|7:55|1118|PRG|08:55|CRL|10:30|Ryanair|529||CRL|08:55|FAO|15:50|Ryanair|589||26.01.2019|Saturday|st
65|17.09.2019|PRG|06:15|FAO|17:10|11:55|1118|PRG|06:15|CRL|07:50|Ryanair|529||CRL|06:15|FAO|17:10|Ryanair|589|2|26.01.2019|Saturday|út
66|11.09.2019|PRG|07:50|FAO|13:05|6:15|1170|PRG|07:50|EIN|09:15|Ryanair|529||EIN|07:50|FAO|13:05|Ryanair|641||26.01.2019|Saturday|st
67|13.09.2019|PRG|06:15|FAO|15:50|10:35|1366|PRG|06:15|CRL|07:50|Ryanair|529||CRL|06:15|FAO|15:50|Ryanair|837||26.01.2019|Saturday|pá
68|04.09.2019|PRG|08:55|FAO|15:50|7:55|1366|PRG|08:55|CRL|10:30|Ryanair|529||CRL|08:55|FAO|15:50|Ryanair|837||26.01.2019|Saturday|st
69|19.09.2019|PRG|06:15|FAO|15:50|10:35|1366|PRG|06:15|CRL|07:50|Ryanair|529||CRL|06:15|FAO|15:50|Ryanair|837||26.01.2019|Saturday|čt
70|30.09.2019|PRG|06:15|FAO|18:15|13:00|1366|PRG|06:15|CRL|07:50|Ryanair|529||CRL|06:15|FAO|18:15|Ryanair|837||26.01.2019|Saturday|po
71|25.09.2019|PRG|07:50|FAO|13:05|6:15|1418|PRG|07:50|EIN|09:15|Ryanair|529||EIN|07:50|FAO|13:05|Ryanair|889||26.01.2019|Saturday|st
72|04.09.2019|PRG|07:50|FAO|13:05|6:15|1418|PRG|07:50|EIN|09:15|Ryanair|529||EIN|07:50|FAO|13:05|Ryanair|889||26.01.2019|Saturday|st
73|18.09.2019|PRG|07:50|FAO|13:05|6:15|1418|PRG|07:50|EIN|09:15|Ryanair|529||EIN|07:50|FAO|13:05|Ryanair|889|4|26.01.2019|Saturday|st
74|24.09.2019|PRG|06:15|FAO|17:10|11:55|1435|PRG|06:15|CRL|07:50|Ryanair|845|5|CRL|06:15|FAO|17:10|Ryanair|589||26.01.2019|Saturday|út
75|23.09.2019|PRG|06:15|FAO|18:15|13:00|1435|PRG|06:15|CRL|07:50|Ryanair|845|5|CRL|06:15|FAO|18:15|Ryanair|589||26.01.2019|Saturday|po
76|26.09.2019|PRG|06:15|FAO|15:50|10:35|1435|PRG|06:15|CRL|07:50|Ryanair|845|5|CRL|06:15|FAO|15:50|Ryanair|589||26.01.2019|Saturday|čt
77|18.09.2019|PRG|08:55|FAO|15:50|7:55|1435|PRG|08:55|CRL|10:30|Ryanair|845|5|CRL|08:55|FAO|15:50|Ryanair|589|4|26.01.2019|Saturday|st
78|12.09.2019|PRG|06:15|FAO|15:50|10:35|1435|PRG|06:15|CRL|07:50|Ryanair|845|5|CRL|06:15|FAO|15:50|Ryanair|589||26.01.2019|Saturday|čt
79|08.10.2019|PRG|06:15|FAO|17:10|11:55|1486|PRG|06:15|CRL|07:50|Ryanair|845|5|CRL|06:15|FAO|17:10|Ryanair|641||26.01.2019|Saturday|út
80|07.10.2019|PRG|06:15|FAO|18:15|13:00|1486|PRG|06:15|CRL|07:50|Ryanair|845|5|CRL|06:15|FAO|18:15|Ryanair|641||26.01.2019|Saturday|po
81|02.10.2019|PRG|08:55|FAO|15:50|7:55|1486|PRG|08:55|CRL|10:30|Ryanair|845|5|CRL|08:55|FAO|15:50|Ryanair|641||26.01.2019|Saturday|st
82|17.10.2019|PRG|06:15|FAO|15:50|10:35|1486|PRG|06:15|CRL|07:50|Ryanair|845|5|CRL|06:15|FAO|15:50|Ryanair|641||26.01.2019|Saturday|čt
83|14.09.2019|PRG|06:15|FAO|15:50|10:35|1523|PRG|06:15|CRL|07:50|Ryanair|529||CRL|06:15|FAO|15:50|Ryanair|994||26.01.2019|Saturday|so
84|11.09.2019|PRG|08:55|FAO|15:50|7:55|1523|PRG|08:55|CRL|10:30|Ryanair|529||CRL|08:55|FAO|15:50|Ryanair|994||26.01.2019|Saturday|st
85|20.09.2019|PRG|06:15|FAO|15:50|10:35|1523|PRG|06:15|CRL|07:50|Ryanair|529||CRL|06:15|FAO|15:50|Ryanair|994||26.01.2019|Saturday|pá
86|09.10.2019|PRG|07:50|FAO|13:05|6:15|1602|PRG|07:50|EIN|09:15|Ryanair|529||EIN|07:50|FAO|13:05|Ryanair|1073||26.01.2019|Saturday|st
87|10.09.2019|PRG|06:35|FAO|20:55|15:20|1613|PRG|06:35|STN|07:35|Ryanair|1018|5|STN|06:35|FAO|20:55|Ryanair|594|1|26.01.2019|Saturday|út
88|10.09.2019|PRG|15:05|FAO|20:55|6:50|1330|PRG|15:05|STN|15:55|easyJet|735|7|STN|15:05|FAO|20:55|Ryanair|594|1|26.01.2019|Saturday|út
89|05.10.2019|PRG|15:10|FAO|21:45|7:35|1364|PRG|15:10|LGW|16:20|easyJet|523|4|LGW|15:10|FAO|21:45|easyJet|840|5|26.01.2019|Saturday|so
90|10.09.2019|PRG|12:25|FAO|21:50|10:25|1364|PRG|12:25|LGW|13:35|easyJet|523|6|LGW|12:25|FAO|21:50|easyJet|840|6|26.01.2019|Saturday|út
91|30.09.2019|PRG|12:25|FAO|21:25|10:00|1366|PRG|12:25|LGW|13:35|easyJet|675|2|LGW|12:25|FAO|21:25|easyJet|690|8|26.01.2019|Saturday|po
92|01.10.2019|PRG|12:25|FAO|21:50|10:25|1395|PRG|12:25|LGW|13:35|easyJet|584|4|LGW|12:25|FAO|21:50|easyJet|810|6|26.01.2019|Saturday|út
93|15.10.2019|PRG|12:25|FAO|19:25|8:00|1395|PRG|12:25|LGW|13:35|easyJet|584|3|LGW|12:25|FAO|19:25|easyJet|810|8|26.01.2019|Saturday|út
94|11.10.2019|PRG|12:25|FAO|19:25|8:00|1454|PRG|12:25|LGW|13:40|easyJet|523|5|LGW|12:25|FAO|19:25|easyJet|930|2|26.01.2019|Saturday|pá
95|24.09.2019|PRG|12:25|FAO|21:50|10:25|1456|PRG|12:25|LGW|13:35|easyJet|766|5|LGW|12:25|FAO|21:50|easyJet|690|5|26.01.2019|Saturday|út
96|11.10.2019|PRG|12:25|FAO|21:25|10:00|1484|PRG|12:25|LGW|13:40|easyJet|523|5|LGW|12:25|FAO|21:25|easyJet|960|7|26.01.2019|Saturday|pá
97|10.09.2019|PRG|12:25|FAO|19:25|8:00|1484|PRG|12:25|LGW|13:35|easyJet|523|6|LGW|12:25|FAO|19:25|easyJet|960|5|26.01.2019|Saturday|út
98|01.10.2019|PRG|12:25|FAO|19:25|8:00|1485|PRG|12:25|LGW|13:35|easyJet|584|4|LGW|12:25|FAO|19:25|easyJet|900|7|26.01.2019|Saturday|út
99|09.09.2019|PRG|12:25|FAO|19:25|8:00|1487|PRG|12:25|LGW|13:35|easyJet|796|7|LGW|12:25|FAO|19:25|easyJet|690|5|26.01.2019|Saturday|po
100|30.09.2019|PRG|12:25|FAO|19:25|8:00|1516|PRG|12:25|LGW|13:35|easyJet|675|2|LGW|12:25|FAO|19:25|easyJet|840|5|26.01.2019|Saturday|po
101|24.09.2019|PRG|12:25|FAO|19:25|8:00|1516|PRG|12:25|LGW|13:35|easyJet|766|5|LGW|12:25|FAO|19:25|easyJet|750|2|26.01.2019|Saturday|út
102|02.07.2019|PRG|16:35|FAO|23:30|7:55|1524|PRG|16:35|MAN|17:50|easyJet|584|6|MAN|16:35|FAO|23:30|Ryanair|939||26.01.2019|Saturday|út
103|02.10.2019|PRG|12:25|FAO|21:25|10:00|1544|PRG|12:25|LGW|13:35|easyJet|523|3|LGW|12:25|FAO|21:25|easyJet|1021|6|26.01.2019|Saturday|st
104|08.10.2019|PRG|12:25|FAO|19:25|8:00|1544|PRG|12:25|LGW|13:35|easyJet|523|8|LGW|12:25|FAO|19:25|easyJet|1021|1|26.01.2019|Saturday|út
105|22.10.2019|PRG|12:25|FAO|19:25|8:00|1546|PRG|12:25|LGW|13:35|easyJet|735|2|LGW|12:25|FAO|19:25|easyJet|810|8|26.01.2019|Saturday|út
106|21.10.2019|PRG|12:25|FAO|21:25|10:00|1546|PRG|12:25|LGW|13:35|easyJet|735|1|LGW|12:25|FAO|21:25|easyJet|810|5|26.01.2019|Saturday|po
107|20.08.2019|PRG|12:25|FAO|21:50|10:25|1547|PRG|12:25|LGW|13:35|easyJet|796|5|LGW|12:25|FAO|21:50|easyJet|750|8|26.01.2019|Saturday|út
108|09.10.2019|PRG|12:25|FAO|21:25|10:00|1575|PRG|12:25|LGW|13:35|easyJet|554|3|LGW|12:25|FAO|21:25|easyJet|1021|5|26.01.2019|Saturday|st
109|21.09.2019|PRG|15:10|FAO|21:45|7:35|1576|PRG|15:10|LGW|16:20|easyJet|675|4|LGW|15:10|FAO|21:45|easyJet|900|8|26.01.2019|Saturday|so
110|04.09.2019|PRG|12:25|FAO|21:25|10:00|1576|PRG|12:25|LGW|13:35|easyJet|735|1|LGW|12:25|FAO|21:25|easyJet|840|2|26.01.2019|Saturday|st
111|20.08.2019|PRG|12:25|FAO|19:25|8:00|1577|PRG|12:25|LGW|13:35|easyJet|796|5|LGW|12:25|FAO|19:25|easyJet|780|4|26.01.2019|Saturday|út
112|09.09.2019|PRG|12:25|FAO|21:25|10:00|1577|PRG|12:25|LGW|13:35|easyJet|796|7|LGW|12:25|FAO|21:25|easyJet|780|3|26.01.2019|Saturday|po
113|28.09.2019|PRG|15:10|FAO|21:45|7:35|1578|PRG|15:10|LGW|16:20|easyJet|887|3|LGW|15:10|FAO|21:45|easyJet|690|4|26.01.2019|Saturday|so
114|29.09.2019|PRG|12:30|FAO|21:05|9:35|1578|PRG|12:30|LGW|13:40|easyJet|887|6|LGW|12:30|FAO|21:05|easyJet|690|8|26.01.2019|Saturday|ne
115|14.09.2019|PRG|15:10|FAO|21:45|7:35|1578|PRG|15:10|LGW|16:20|easyJet|887|6|LGW|15:10|FAO|21:45|easyJet|690|5|26.01.2019|Saturday|so
116|05.10.2019|PRG|15:10|FAO|22:10|8:00|1584|PRG|15:10|STN|16:05|easyJet|584|3|STN|15:10|FAO|22:10|Ryanair|1000||26.01.2019|Saturday|so
117|30.08.2019|PRG|14:15|FAO|22:50|9:35|1589|PRG|14:15|LPL|15:25|Ryanair|1018||LPL|14:15|FAO|22:50|easyJet|570|8|26.01.2019|Saturday|pá
118|04.10.2019|PRG|12:25|FAO|21:25|10:00|1605|PRG|12:25|LGW|13:40|easyJet|614|3|LGW|12:25|FAO|21:25|easyJet|991|3|26.01.2019|Saturday|pá
119|18.09.2019|PRG|12:25|FAO|21:25|10:00|1606|PRG|12:25|LGW|13:35|easyJet|735|7|LGW|12:25|FAO|21:25|easyJet|870|1|26.01.2019|Saturday|st
120|23.10.2019|PRG|12:25|FAO|19:25|8:00|1607|PRG|12:25|LGW|13:35|easyJet|796|4|LGW|12:25|FAO|19:25|easyJet|810|5|26.01.2019|Saturday|st
121|29.09.2019|PRG|12:30|FAO|19:25|7:55|1608|PRG|12:30|LGW|13:40|easyJet|887|6|LGW|12:30|FAO|19:25|easyJet|720|3|26.01.2019|Saturday|ne
122|11.07.2019|PRG|15:05|FAO|22:10|8:05|1614|PRG|15:05|STN|15:55|easyJet|614|1|STN|15:05|FAO|22:10|Ryanair|1000|2|26.01.2019|Saturday|čt
123|11.09.2019|PRG|10:50|FAO|19:50|10:00|1615|PRG|10:50|SEN|11:45|easyJet|463|5|SEN|10:50|FAO|19:50|Ryanair|1151|2|26.01.2019|Saturday|st
124|21.10.2019|PRG|12:25|FAO|19:25|8:00|1636|PRG|12:25|LGW|13:35|easyJet|735|1|LGW|12:25|FAO|19:25|easyJet|900|5|26.01.2019|Saturday|po
125|28.09.2019|PRG|15:10|FAO|22:10|8:00|1645|PRG|15:10|STN|16:05|easyJet|645|6|STN|15:10|FAO|22:10|Ryanair|1000|3|26.01.2019|Saturday|so
126|14.08.2019|PRG|17:00|FAO|23:30|7:30|1645|PRG|17:00|MAN|18:15|easyJet|705|3|MAN|17:00|FAO|23:30|Ryanair|939||26.01.2019|Saturday|st
127|10.10.2019|PRG|12:25|FAO|19:25|8:00|1665|PRG|12:25|LGW|13:35|easyJet|523|8|LGW|12:25|FAO|19:25|easyJet|1141|8|26.01.2019|Saturday|čt
128|27.03.2019|PRG|12:35|KEF|18:50|7:15|749|Reykjavik (Keflavik) KEF|12:35|PRG|Reykjavik|easyJet|274|3|PRG|12:35|KEF|18:50|easyJet|475|5|26.01.2019|Saturday|st
129|26.03.2019|PRG|12:35|KEF|18:40|7:05|749|Reykjavik (Keflavik) KEF|12:35|PRG|Reykjavik|easyJet|274|3|PRG|12:35|KEF|18:40|easyJet|475|5|26.01.2019|Saturday|út
130|30.03.2019|PRG|10:30|KEF|17:20|7:50|754|Reykjavik (Keflavik) KEF|10:30|PRG|Reykjavik|easyJet|303|3|PRG|10:30|KEF|17:20|easyJet|450|2|26.01.2019|Saturday|so
131|28.03.2019|PRG|07:20|KEF|17:20|11:00|864|Reykjavik (Keflavik) KEF|07:20|PRG|Reykjavik|Ryanair|389|2|PRG|07:20|KEF|17:20|easyJet|475|1|26.01.2019|Saturday|čt
132|30.03.2019|PRG|12:30|KEF|18:50|7:20|1034|Reykjavik (Keflavik) KEF|12:30|PRG|Reykjavik|easyJet|463|8|PRG|12:30|KEF|18:50|easyJet|570|8|26.01.2019|Saturday|so
133|25.03.2019|PRG|08:15|KEF|17:35|10:20|1062|Reykjavik (Keflavik) KEF|08:15|PRG|Reykjavik|easyJet|705|5|PRG|08:15|KEF|17:35|easyJet|357|8|26.01.2019|Saturday|po
134|30.03.2019|PRG|07:20|KEF|17:20|11:00|1127|Reykjavik (Keflavik) KEF|07:20|PRG|Reykjavik|Ryanair|676|2|PRG|07:20|KEF|17:20|easyJet|450|2|26.01.2019|Saturday|so
135|05.03.2019|PRG|12:35|KEF|18:40|7:05|1146|Reykjavik (Keflavik) KEF|12:35|PRG|Reykjavik|easyJet|433|2|PRG|12:35|KEF|18:40|easyJet|713|6|26.01.2019|Saturday|út
136|26.03.2019|PRG|07:20|KEF|17:20|11:00|1247|Reykjavik (Keflavik) KEF|07:20|PRG|Reykjavik|Ryanair|676||PRG|07:20|KEF|17:20|easyJet|570|7|26.01.2019|Saturday|út
137|11.02.2019|PRG|08:15|KEF|17:35|10:20|1260|Reykjavik (Keflavik) KEF|08:15|PRG|Reykjavik|easyJet|342|8|PRG|08:15|KEF|17:35|easyJet|917|3|26.01.2019|Saturday|po
138|02.04.2019|PRG|06:00|KEF|14:00|10:00|1569|Reykjavik (Keflavik) KEF|06:00|PRG|Reykjavik|Ryanair|389|3|PRG|06:00|KEF|14:00|WOW air|1180||26.01.2019|Saturday|út
139|03.04.2019|PRG|06:45|KEF|14:00|9:15|1569|Reykjavik (Keflavik) KEF|06:45|PRG|Reykjavik|Ryanair|389||PRG|06:45|KEF|14:00|WOW air|1180||26.01.2019|Saturday|st
140|12.03.2019|PRG|07:20|KEF|17:20|11:00|1367|Reykjavik (Keflavik) KEF|07:20|PRG|Reykjavik|Ryanair|676|2|PRG|07:20|KEF|17:20|easyJet|690|3|26.01.2019|Saturday|út
141|05.03.2019|PRG|07:20|KEF|17:20|11:00|1427|Reykjavik (Keflavik) KEF|07:20|PRG|Reykjavik|Ryanair|676|1|PRG|07:20|KEF|17:20|easyJet|750|8|26.01.2019|Saturday|út
142|21.05.2019|PRG|06:35|KEF|13:30|8:55|1709|Reykjavik (Keflavik) KEF|06:35|PRG|Reykjavik|Ryanair|529||PRG|06:35|KEF|13:30|WOW air|1180|5|26.01.2019|Saturday|út
143|18.03.2019|PRG|08:15|KEF|17:35|10:20|1472|Reykjavik (Keflavik) KEF|08:15|PRG|Reykjavik|easyJet|554|5|PRG|08:15|KEF|17:35|easyJet|917|1|26.01.2019|Saturday|po
144|09.04.2019|PRG|06:00|KEF|14:00|10:00|1851|Reykjavik (Keflavik) KEF|06:00|PRG|Reykjavik|Ryanair|389|4|PRG|06:00|KEF|14:00|WOW air|1462|8|26.01.2019|Saturday|út
145|05.04.2019|PRG|06:45|KEF|14:00|9:15|1881|Reykjavik (Keflavik) KEF|06:45|PRG|Reykjavik|Ryanair|700||PRG|06:45|KEF|14:00|WOW air|1180||26.01.2019|Saturday|pá
146|24.04.2019|PRG|06:45|KEF|14:00|9:15|1881|Reykjavik (Keflavik) KEF|06:45|PRG|Reykjavik|Ryanair|700||PRG|06:45|KEF|14:00|WOW air|1180|7|26.01.2019|Saturday|st
147|19.03.2019|PRG|07:20|KEF|17:20|11:00|1656|Reykjavik (Keflavik) KEF|07:20|PRG|Reykjavik|Ryanair|815||PRG|07:20|KEF|17:20|easyJet|840|5|26.01.2019|Saturday|út
148|02.04.2019|PRG|06:35|KEF|13:30|8:55|1948|Reykjavik (Keflavik) KEF|06:35|PRG|Reykjavik|Ryanair|485||PRG|06:35|KEF|13:30|WOW air|1462||26.01.2019|Saturday|út
149|04.04.2019|PRG|06:35|KEF|13:30|8:55|1948|Reykjavik (Keflavik) KEF|06:35|PRG|Reykjavik|Ryanair|485||PRG|06:35|KEF|13:30|WOW air|1462||26.01.2019|Saturday|čt
150|25.04.2019|PRG|06:45|KEF|14:00|9:15|1948|Reykjavik (Keflavik) KEF|06:45|PRG|Reykjavik|Ryanair|485|5|PRG|06:45|KEF|14:00|WOW air|1462|5|26.01.2019|Saturday|čt
151|12.03.2019|PRG|12:35|KEF|18:40|7:05|1715|Reykjavik (Keflavik) KEF|12:35|PRG|Reykjavik|easyJet|514|2|PRG|12:35|KEF|18:40|easyJet|1201|4|26.01.2019|Saturday|út
152|14.05.2019|PRG|06:00|KEF|14:00|10:00|1991|Reykjavik (Keflavik) KEF|06:00|PRG|Reykjavik|Ryanair|529|1|PRG|06:00|KEF|14:00|WOW air|1462||26.01.2019|Saturday|út
153|07.05.2019|PRG|06:35|KEF|13:30|8:55|1995|Reykjavik (Keflavik) KEF|06:35|PRG|Reykjavik|Ryanair|815|3|PRG|06:35|KEF|13:30|WOW air|1180|2|26.01.2019|Saturday|út
154|01.04.2019|PRG|06:00|KEF|14:00|10:00|2005|Reykjavik (Keflavik) KEF|06:00|PRG|Reykjavik|Ryanair|389|4|PRG|06:00|KEF|14:00|WOW air|1616|9|26.01.2019|Saturday|po
155|05.02.2019|PRG|12:35|KEF|18:40|7:05|1758|Reykjavik (Keflavik) KEF|12:35|PRG|Reykjavik|easyJet|857|8|PRG|12:35|KEF|18:40|easyJet|900|4|26.01.2019|Saturday|út
156|26.03.2019|PRG|11:05|KEF|18:55|8:50|1805|Reykjavik (Keflavik) KEF|11:05|PRG|Reykjavik|easyJet|603|2|PRG|11:05|KEF|18:55|easyJet|1201|8|26.01.2019|Saturday|út
157|07.02.2019|PRG|07:20|KEF|17:20|11:00|1806|Reykjavik (Keflavik) KEF|07:20|PRG|Reykjavik|Ryanair|815||PRG|07:20|KEF|17:20|easyJet|991|8|26.01.2019|Saturday|čt
158|07.03.2019|PRG|12:35|KEF|23:40|12:05|1634|Reykjavik (Keflavik) KEF|12:35|PRG|Reykjavik|easyJet|454|6|PRG|12:35|KEF|23:40|WOW air|1180||26.01.2019|Saturday|čt
159|03.04.2019|PRG|09:00|KEF|14:00|7:00|2094|Reykjavik (Keflavik) KEF|09:00|PRG|Reykjavik|norwegian|914||PRG|09:00|KEF|14:00|WOW air|1180||26.01.2019|Saturday|st
160|24.04.2019|PRG|09:00|KEF|14:00|7:00|2094|Reykjavik (Keflavik) KEF|09:00|PRG|Reykjavik|norwegian|914||PRG|09:00|KEF|14:00|WOW air|1180|7|26.01.2019|Saturday|st
161|02.04.2019|PRG|09:00|KEF|14:00|7:00|2094|Reykjavik (Keflavik) KEF|09:00|PRG|Reykjavik|norwegian|914||PRG|09:00|KEF|14:00|WOW air|1180||26.01.2019|Saturday|út
162|30.04.2019|PRG|06:00|KEF|14:00|10:00|2102|Reykjavik (Keflavik) KEF|06:00|PRG|Reykjavik|Ryanair|485|1|PRG|06:00|KEF|14:00|WOW air|1616||26.01.2019|Saturday|út
163|03.04.2019|PRG|06:35|KEF|13:30|8:55|2102|Reykjavik (Keflavik) KEF|06:35|PRG|Reykjavik|Ryanair|485||PRG|06:35|KEF|13:30|WOW air|1616||26.01.2019|Saturday|st
164|10.04.2019|PRG|06:45|KEF|14:00|9:15|2102|Reykjavik (Keflavik) KEF|06:45|PRG|Reykjavik|Ryanair|485||PRG|06:45|KEF|14:00|WOW air|1616|4|26.01.2019|Saturday|st
165|28.03.2019|PRG|12:35|KEF|18:40|7:05|1878|Reykjavik (Keflavik) KEF|12:35|PRG|Reykjavik|easyJet|826|2|PRG|12:35|KEF|18:40|easyJet|1051|8|26.01.2019|Saturday|čt
166|01.04.2019|PRG|06:35|KEF|13:30|8:55|2139|Reykjavik (Keflavik) KEF|06:35|PRG|Reykjavik|Ryanair|676||PRG|06:35|KEF|13:30|WOW air|1462||26.01.2019|Saturday|po
167|02.05.2019|PRG|06:45|KEF|14:00|9:15|2145|Reykjavik (Keflavik) KEF|06:45|PRG|Reykjavik|Ryanair|529|1|PRG|06:45|KEF|14:00|WOW air|1616||26.01.2019|Saturday|čt
168|14.05.2019|PRG|06:35|KEF|13:30|8:55|2145|Reykjavik (Keflavik) KEF|06:35|PRG|Reykjavik|Ryanair|529||PRG|06:35|KEF|13:30|WOW air|1616||26.01.2019|Saturday|út
169|07.05.2019|PRG|06:00|KEF|14:00|10:00|2145|Reykjavik (Keflavik) KEF|06:00|PRG|Reykjavik|Ryanair|529||PRG|06:00|KEF|14:00|WOW air|1616||26.01.2019|Saturday|út
170|21.05.2019|PRG|06:00|KEF|14:00|10:00|2145|Reykjavik (Keflavik) KEF|06:00|PRG|Reykjavik|Ryanair|529||PRG|06:00|KEF|14:00|WOW air|1616||26.01.2019|Saturday|út
171|15.05.2019|PRG|06:45|KEF|14:00|9:15|2145|Reykjavik (Keflavik) KEF|06:45|PRG|Reykjavik|Ryanair|529||PRG|06:45|KEF|14:00|WOW air|1616||26.01.2019|Saturday|st
172|16.05.2019|PRG|06:45|KEF|14:00|9:15|2145|Reykjavik (Keflavik) KEF|06:45|PRG|Reykjavik|Ryanair|529|2|PRG|06:45|KEF|14:00|WOW air|1616||26.01.2019|Saturday|čt
173|10.04.2019|PRG|06:35|KEF|13:30|8:55|2145|Reykjavik (Keflavik) KEF|06:35|PRG|Reykjavik|Ryanair|529|1|PRG|06:35|KEF|13:30|WOW air|1616||26.01.2019|Saturday|st
174|15.05.2019|PRG|06:35|KEF|13:30|8:55|2145|Reykjavik (Keflavik) KEF|06:35|PRG|Reykjavik|Ryanair|529||PRG|06:35|KEF|13:30|WOW air|1616||26.01.2019|Saturday|st
175|26.03.2019|PRG|11:05|KEF|18:55|8:50|1902|Reykjavik (Keflavik) KEF|11:05|PRG|Reykjavik|Ryanair|700||PRG|11:05|KEF|18:55|easyJet|1201|8|26.01.2019|Saturday|út
176|29.03.2019|PRG|12:35|KEF|18:50|7:15|1906|Reykjavik (Keflavik) KEF|12:35|PRG|Reykjavik|easyJet|614|5|PRG|12:35|KEF|18:50|easyJet|1291|8|26.01.2019|Saturday|pá
177|12.03.2019|PRG|11:05|KEF|18:55|8:50|1908|Reykjavik (Keflavik) KEF|11:05|PRG|Reykjavik|easyJet|917|8|PRG|11:05|KEF|18:55|easyJet|991|3|26.01.2019|Saturday|út
178|06.04.2019|PRG|06:10|KEF|14:00|9:50|2163|Reykjavik (Keflavik) KEF|06:10|PRG|Reykjavik|Ryanair|700||PRG|06:10|KEF|14:00|WOW air|1462||26.01.2019|Saturday|so
179|04.04.2019|PRG|06:45|KEF|14:00|9:15|2163|Reykjavik (Keflavik) KEF|06:45|PRG|Reykjavik|Ryanair|700||PRG|06:45|KEF|14:00|WOW air|1462||26.01.2019|Saturday|čt
180|17.05.2019|PRG|06:45|KEF|14:00|9:15|2163|Reykjavik (Keflavik) KEF|06:45|PRG|Reykjavik|Ryanair|700|2|PRG|06:45|KEF|14:00|WOW air|1462||26.01.2019|Saturday|pá
181|06.03.2019|PRG|12:35|KEF|18:50|7:15|1934|Reykjavik (Keflavik) KEF|12:35|PRG|Reykjavik|easyJet|402|6|PRG|12:35|KEF|18:50|easyJet|1531|8|26.01.2019|Saturday|st
182|07.03.2019|PRG|07:20|KEF|17:20|11:00|1957|Reykjavik (Keflavik) KEF|07:20|PRG|Reykjavik|Ryanair|485|2|PRG|07:20|KEF|17:20|easyJet|1471|1|26.01.2019|Saturday|čt
183|28.03.2019|PRG|11:05|KEF|18:55|8:50|1965|Reykjavik (Keflavik) KEF|11:05|PRG|Reykjavik|easyJet|493|7|PRG|11:05|KEF|18:55|easyJet|1471|5|26.01.2019|Saturday|čt
184|19.03.2019|PRG|12:35|KEF|18:40|7:05|1966|Reykjavik (Keflavik) KEF|12:35|PRG|Reykjavik|easyJet|614|6|PRG|12:35|KEF|18:40|easyJet|1351|3|26.01.2019|Saturday|út
185|12.03.2019|PRG|11:05|KEF|18:55|8:50|1993|Reykjavik (Keflavik) KEF|11:05|PRG|Reykjavik|Ryanair|1002||PRG|11:05|KEF|18:55|easyJet|991|3|26.01.2019|Saturday|út
186|07.02.2019|PRG|12:35|KEF|18:40|7:05|2088|Reykjavik (Keflavik) KEF|12:35|PRG|Reykjavik|easyJet|857|5|PRG|12:35|KEF|18:40|easyJet|1231|2|26.01.2019|Saturday|čt
187|26.02.2019|PRG|07:20|KEF|17:20|11:00|2127|Reykjavik (Keflavik) KEF|07:20|PRG|Reykjavik|Ryanair|1166|3|PRG|07:20|KEF|17:20|easyJet|960|5|26.01.2019|Saturday|út
188|04.03.2019|PRG|09:45|KEF|19:00|10:15|2153|Reykjavik (Keflavik) KEF|09:45|PRG|Reykjavik|easyJet|1402|3|PRG|09:45|KEF|19:00|easyJet|750|1|26.01.2019|Saturday|po
189|20.03.2019|PRG|12:35|KEF|18:50|7:15|2179|Reykjavik (Keflavik) KEF|12:35|PRG|Reykjavik|easyJet|978|6|PRG|12:35|KEF|18:50|easyJet|1201|8|26.01.2019|Saturday|st
190|28.03.2019|PRG|12:35|KEF|23:40|12:05|2007|Reykjavik (Keflavik) KEF|12:35|PRG|Reykjavik|easyJet|826|2|PRG|12:35|KEF|23:40|WOW air|1180||26.01.2019|Saturday|čt
191|14.03.2019|PRG|12:35|KEF|23:40|12:05|2126|Reykjavik (Keflavik) KEF|12:35|PRG|Reykjavik|easyJet|664|5|PRG|12:35|KEF|23:40|WOW air|1462||26.01.2019|Saturday|čt
192|05.09.2019|PRG|14:10|KEF|21:00|8:50|2357|Reykjavik (Keflavik) KEF|14:10|PRG|Reykjavik|Ryanair|1253|2|PRG|14:10|KEF|21:00|Vueling|1103||26.01.2019|Saturday|čt
193|10.10.2019|PRG|14:10|KEF|21:00|8:50|2395|Reykjavik (Keflavik) KEF|14:10|PRG|Reykjavik|Ryanair|599|1|PRG|14:10|KEF|21:00|Vueling|1796|4|26.01.2019|Saturday|čt
194|06.09.2019|PRG|06:45|KEF|19:00|14:15|2339|Reykjavik (Keflavik) KEF|06:45|PRG|Reykjavik|Ryanair|876|5|PRG|06:45|KEF|19:00|WOW air|1462|2|26.01.2019|Saturday|pá
195|04.09.2019|PRG|06:45|KEF|19:00|14:15|2339|Reykjavik (Keflavik) KEF|06:45|PRG|Reykjavik|Ryanair|876|5|PRG|06:45|KEF|19:00|WOW air|1462|1|26.01.2019|Saturday|st
196|04.09.2019|PRG|09:00|KEF|19:00|12:00|2377|Reykjavik (Keflavik) KEF|09:00|PRG|Reykjavik|norwegian|914||PRG|09:00|KEF|19:00|WOW air|1462|1|26.01.2019|Saturday|st
197|23.08.2019|PRG|06:45|KEF|19:00|14:15|2493|Reykjavik (Keflavik) KEF|06:45|PRG|Reykjavik|Ryanair|876|5|PRG|06:45|KEF|19:00|WOW air|1616|2|26.01.2019|Saturday|pá
198|12.10.2019|PRG|11:00|KEF|23:55|14:55|2996|Reykjavik (Keflavik) KEF|11:00|PRG|Reykjavik|Ryanair|1202|5|PRG|11:00|KEF|23:55|norwegian|1794||26.01.2019|Saturday|so
199|26.10.2019|PRG|11:00|KEF|23:55|14:55|2996|Reykjavik (Keflavik) KEF|11:00|PRG|Reykjavik|Ryanair|1202|5|PRG|11:00|KEF|23:55|norwegian|1794||26.01.2019|Saturday|so
200|19.10.2019|PRG|11:00|KEF|23:55|14:55|2996|Reykjavik (Keflavik) KEF|11:00|PRG|Reykjavik|Ryanair|1202|5|PRG|11:00|KEF|23:55|norwegian|1794||26.01.2019|Saturday|so
201|10.10.2019|PRG|10:50|KEF|21:00|12:10|2951|Reykjavik (Keflavik) KEF|10:50|PRG|Reykjavik|Vueling|1154||PRG|10:50|KEF|21:00|Vueling|1796|4|26.01.2019|Saturday|čt
202|21.09.2019|PRG|06:35|KEF|13:30|8:55|2898|Reykjavik (Keflavik) KEF|06:35|PRG|Reykjavik|Ryanair|845|5|PRG|06:35|KEF|13:30|WOW air|2053||26.01.2019|Saturday|so
203|28.09.2019|PRG|06:35|KEF|13:30|8:55|2898|Reykjavik (Keflavik) KEF|06:35|PRG|Reykjavik|Ryanair|845|3|PRG|06:35|KEF|13:30|WOW air|2053||26.01.2019|Saturday|so
204|07.09.2019|PRG|06:35|KEF|13:30|8:55|2898|Reykjavik (Keflavik) KEF|06:35|PRG|Reykjavik|Ryanair|845|3|PRG|06:35|KEF|13:30|WOW air|2053||26.01.2019|Saturday|so
205|10.09.2019|PRG|06:35|KEF|13:30|8:55|3072|Reykjavik (Keflavik) KEF|06:35|PRG|Reykjavik|Ryanair|1018|5|PRG|06:35|KEF|13:30|WOW air|2053||26.01.2019|Saturday|út
206|08.10.2019|PRG|06:35|KEF|13:30|8:55|3072|Reykjavik (Keflavik) KEF|06:35|PRG|Reykjavik|Ryanair|1018|5|PRG|06:35|KEF|13:30|WOW air|2053||26.01.2019|Saturday|út
207|24.09.2019|PRG|06:35|KEF|13:30|8:55|3072|Reykjavik (Keflavik) KEF|06:35|PRG|Reykjavik|Ryanair|1018|5|PRG|06:35|KEF|13:30|WOW air|2053||26.01.2019|Saturday|út
208|17.09.2019|PRG|06:35|KEF|13:30|8:55|3072|Reykjavik (Keflavik) KEF|06:35|PRG|Reykjavik|Ryanair|1018|5|PRG|06:35|KEF|13:30|WOW air|2053||26.01.2019|Saturday|út
209|01.10.2019|PRG|06:35|KEF|13:30|8:55|3072|Reykjavik (Keflavik) KEF|06:35|PRG|Reykjavik|Ryanair|1018|5|PRG|06:35|KEF|13:30|WOW air|2053||26.01.2019|Saturday|út
210|15.10.2019|PRG|06:35|KEF|13:30|8:55|3072|Reykjavik (Keflavik) KEF|06:35|PRG|Reykjavik|Ryanair|1018|5|PRG|06:35|KEF|13:30|WOW air|2053||26.01.2019|Saturday|út
211|16.10.2019|PRG|15:40|KEF|02:05|12:25|3165|Reykjavik (Keflavik) KEF|15:40|PRG|Reykjavik|Ryanair|599|1|PRG|15:40|KEF|02:05|WOW air|2566||26.01.2019|Saturday|st
212|07.10.2019|PRG|15:55|KEF|02:05|12:10|3165|Reykjavik (Keflavik) KEF|15:55|PRG|Reykjavik|Ryanair|599|1|PRG|15:55|KEF|02:05|WOW air|2566||26.01.2019|Saturday|po
213|17.10.2019|PRG|06:35|KEF|13:30|8:55|3172|Reykjavik (Keflavik) KEF|06:35|PRG|Reykjavik|Ryanair|529|5|PRG|06:35|KEF|13:30|WOW air|2643||26.01.2019|Saturday|čt
214|18.10.2019|PRG|06:35|KEF|13:30|8:55|3172|Reykjavik (Keflavik) KEF|06:35|PRG|Reykjavik|Ryanair|529|2|PRG|06:35|KEF|13:30|WOW air|2643||26.01.2019|Saturday|pá
215|16.10.2019|PRG|06:35|KEF|13:30|8:55|3172|Reykjavik (Keflavik) KEF|06:35|PRG|Reykjavik|Ryanair|529|5|PRG|06:35|KEF|13:30|WOW air|2643||26.01.2019|Saturday|st
216|14.09.2019|PRG|09:00|KEF|13:55|6:55|3390|Reykjavik (Keflavik) KEF|09:00|PRG|Reykjavik|Eurowings|824||PRG|09:00|KEF|13:55|WOW air|2566|3|26.01.2019|Saturday|so
217|09.10.2019|PRG|10:50|KEF|02:05|17:15|3284|Reykjavik (Keflavik) KEF|10:50|PRG|Reykjavik|Vueling|718||PRG|10:50|KEF|02:05|WOW air|2566||26.01.2019|Saturday|st
218|18.10.2019|PRG|17:50|KEF|02:05|10:15|3442|Reykjavik (Keflavik) KEF|17:50|PRG|Reykjavik|Ryanair|876|5|PRG|17:50|KEF|02:05|WOW air|2566||26.01.2019|Saturday|pá
219|09.10.2019|PRG|15:40|KEF|02:05|12:25|3442|Reykjavik (Keflavik) KEF|15:40|PRG|Reykjavik|Ryanair|876|4|PRG|15:40|KEF|02:05|WOW air|2566||26.01.2019|Saturday|st
220|11.10.2019|PRG|17:50|KEF|02:05|10:15|3442|Reykjavik (Keflavik) KEF|17:50|PRG|Reykjavik|Ryanair|876|4|PRG|17:50|KEF|02:05|WOW air|2566||26.01.2019|Saturday|pá
221|19.10.2019|PRG|06:35|KEF|13:30|8:55|3480|Reykjavik (Keflavik) KEF|06:35|PRG|Reykjavik|Ryanair|529|5|PRG|06:35|KEF|13:30|WOW air|2951|6|26.01.2019|Saturday|so
222|10.10.2019|PRG|06:35|KEF|13:30|8:55|3488|Reykjavik (Keflavik) KEF|06:35|PRG|Reykjavik|Ryanair|845|5|PRG|06:35|KEF|13:30|WOW air|2643||26.01.2019|Saturday|čt
223|03.10.2019|PRG|06:35|KEF|13:30|8:55|3488|Reykjavik (Keflavik) KEF|06:35|PRG|Reykjavik|Ryanair|845|5|PRG|06:35|KEF|13:30|WOW air|2643||26.01.2019|Saturday|čt
224|20.09.2019|PRG|06:35|KEF|13:30|8:55|3488|Reykjavik (Keflavik) KEF|06:35|PRG|Reykjavik|Ryanair|845|3|PRG|06:35|KEF|13:30|WOW air|2643||26.01.2019|Saturday|pá
225|19.09.2019|PRG|06:35|KEF|13:30|8:55|3488|Reykjavik (Keflavik) KEF|06:35|PRG|Reykjavik|Ryanair|845|5|PRG|06:35|KEF|13:30|WOW air|2643||26.01.2019|Saturday|čt
226|14.09.2019|PRG|06:35|KEF|13:30|8:55|3488|Reykjavik (Keflavik) KEF|06:35|PRG|Reykjavik|Ryanair|845|5|PRG|06:35|KEF|13:30|WOW air|2643||26.01.2019|Saturday|so
227|02.10.2019|PRG|06:35|KEF|13:30|8:55|3488|Reykjavik (Keflavik) KEF|06:35|PRG|Reykjavik|Ryanair|845|5|PRG|06:35|KEF|13:30|WOW air|2643||26.01.2019|Saturday|st
228|11.10.2019|PRG|06:35|KEF|13:30|8:55|3488|Reykjavik (Keflavik) KEF|06:35|PRG|Reykjavik|Ryanair|845|5|PRG|06:35|KEF|13:30|WOW air|2643||26.01.2019|Saturday|pá
229|04.10.2019|PRG|06:35|KEF|13:30|8:55|3488|Reykjavik (Keflavik) KEF|06:35|PRG|Reykjavik|Ryanair|845|5|PRG|06:35|KEF|13:30|WOW air|2643||26.01.2019|Saturday|pá
230|09.10.2019|PRG|06:35|KEF|13:30|8:55|3488|Reykjavik (Keflavik) KEF|06:35|PRG|Reykjavik|Ryanair|845|5|PRG|06:35|KEF|13:30|WOW air|2643||26.01.2019|Saturday|st
231|05.10.2019|PRG|06:35|KEF|13:30|8:55|3488|Reykjavik (Keflavik) KEF|06:35|PRG|Reykjavik|Ryanair|845|5|PRG|06:35|KEF|13:30|WOW air|2643||26.01.2019|Saturday|so
232|11.09.2019|PRG|09:05|KEF|13:45|6:40|3120|Reykjavik (Keflavik) KEF|09:05|PRG|Reykjavik|easyJet|554|4|PRG|09:05|KEF|13:45|WOW air|2566||26.01.2019|Saturday|st
233|10.10.2019|PRG|12:25|KEF|23:15|12:50|3167|Reykjavik (Keflavik) KEF|12:25|PRG|Reykjavik|easyJet|523|8|PRG|12:25|KEF|23:15|WOW air|2643||26.01.2019|Saturday|čt
234|11.10.2019|PRG|12:25|KEF|23:15|12:50|3167|Reykjavik (Keflavik) KEF|12:25|PRG|Reykjavik|easyJet|523|5|PRG|12:25|KEF|23:15|WOW air|2643||26.01.2019|Saturday|pá
235|10.09.2019|PRG|12:25|KEF|23:15|12:50|3167|Reykjavik (Keflavik) KEF|12:25|PRG|Reykjavik|easyJet|523|6|PRG|12:25|KEF|23:15|WOW air|2643||26.01.2019|Saturday|út
236|05.10.2019|PRG|15:10|KEF|23:15|10:05|3167|Reykjavik (Keflavik) KEF|15:10|PRG|Reykjavik|easyJet|523|4|PRG|15:10|KEF|23:15|WOW air|2643||26.01.2019|Saturday|so
237|17.10.2019|PRG|12:25|KEF|23:15|12:50|3197|Reykjavik (Keflavik) KEF|12:25|PRG|Reykjavik|easyJet|554|3|PRG|12:25|KEF|23:15|WOW air|2643||26.01.2019|Saturday|čt
238|01.10.2019|PRG|12:25|KEF|23:15|12:50|3227|Reykjavik (Keflavik) KEF|12:25|PRG|Reykjavik|easyJet|584|4|PRG|12:25|KEF|23:15|WOW air|2643||26.01.2019|Saturday|út
239|15.10.2019|PRG|12:25|KEF|23:15|12:50|3227|Reykjavik (Keflavik) KEF|12:25|PRG|Reykjavik|easyJet|584|3|PRG|12:25|KEF|23:15|WOW air|2643||26.01.2019|Saturday|út
240|07.09.2019|PRG|15:10|KEF|23:15|10:05|3227|Reykjavik (Keflavik) KEF|15:10|PRG|Reykjavik|easyJet|584|2|PRG|15:10|KEF|23:15|WOW air|2643||26.01.2019|Saturday|so
241|19.10.2019|PRG|15:10|KEF|23:15|10:05|3258|Reykjavik (Keflavik) KEF|15:10|PRG|Reykjavik|easyJet|614|7|PRG|15:10|KEF|23:15|WOW air|2643||26.01.2019|Saturday|so
242|03.10.2019|PRG|12:25|KEF|23:15|12:50|3258|Reykjavik (Keflavik) KEF|12:25|PRG|Reykjavik|easyJet|614|4|PRG|12:25|KEF|23:15|WOW air|2643||26.01.2019|Saturday|čt
243|13.09.2019|PRG|12:25|KEF|23:15|12:50|3258|Reykjavik (Keflavik) KEF|12:25|PRG|Reykjavik|easyJet|614|4|PRG|12:25|KEF|23:15|WOW air|2643||26.01.2019|Saturday|pá
244|04.10.2019|PRG|12:25|KEF|23:15|12:50|3258|Reykjavik (Keflavik) KEF|12:25|PRG|Reykjavik|easyJet|614|3|PRG|12:25|KEF|23:15|WOW air|2643||26.01.2019|Saturday|pá
245|30.09.2019|PRG|12:25|KEF|23:15|12:50|3318|Reykjavik (Keflavik) KEF|12:25|PRG|Reykjavik|easyJet|675|2|PRG|12:25|KEF|23:15|WOW air|2643||26.01.2019|Saturday|po
246|11.09.2019|PRG|12:25|KEF|23:15|12:50|3318|Reykjavik (Keflavik) KEF|12:25|PRG|Reykjavik|easyJet|675|3|PRG|12:25|KEF|23:15|WOW air|2643||26.01.2019|Saturday|st
247|04.09.2019|PRG|12:25|KEF|23:15|12:50|3379|Reykjavik (Keflavik) KEF|12:25|PRG|Reykjavik|easyJet|735|1|PRG|12:25|KEF|23:15|WOW air|2643||26.01.2019|Saturday|st
248|16.10.2019|PRG|12:25|KEF|23:15|12:50|3379|Reykjavik (Keflavik) KEF|12:25|PRG|Reykjavik|easyJet|735|5|PRG|12:25|KEF|23:15|WOW air|2643||26.01.2019|Saturday|st
249|18.09.2019|PRG|12:25|KEF|23:15|12:50|3379|Reykjavik (Keflavik) KEF|12:25|PRG|Reykjavik|easyJet|735|7|PRG|12:25|KEF|23:15|WOW air|2643||26.01.2019|Saturday|st
250|12.09.2019|PRG|12:25|KEF|23:15|12:50|3379|Reykjavik (Keflavik) KEF|12:25|PRG|Reykjavik|easyJet|735|3|PRG|12:25|KEF|23:15|WOW air|2643||26.01.2019|Saturday|čt
251|27.09.2019|PRG|12:25|KEF|23:15|12:50|3379|Reykjavik (Keflavik) KEF|12:25|PRG|Reykjavik|easyJet|735|3|PRG|12:25|KEF|23:15|WOW air|2643||26.01.2019|Saturday|pá
252|26.09.2019|PRG|12:25|KEF|23:15|12:50|3379|Reykjavik (Keflavik) KEF|12:25|PRG|Reykjavik|easyJet|735|5|PRG|12:25|KEF|23:15|WOW air|2643||26.01.2019|Saturday|čt
253|24.09.2019|PRG|12:25|KEF|23:15|12:50|3409|Reykjavik (Keflavik) KEF|12:25|PRG|Reykjavik|easyJet|766|5|PRG|12:25|KEF|23:15|WOW air|2643||26.01.2019|Saturday|út
254|06.09.2019|PRG|12:25|KEF|23:15|12:50|3440|Reykjavik (Keflavik) KEF|12:25|PRG|Reykjavik|easyJet|796|3|PRG|12:25|KEF|23:15|WOW air|2643||26.01.2019|Saturday|pá
255|09.09.2019|PRG|12:25|KEF|23:15|12:50|3440|Reykjavik (Keflavik) KEF|12:25|PRG|Reykjavik|easyJet|796|7|PRG|12:25|KEF|23:15|WOW air|2643||26.01.2019|Saturday|po
256|29.03.2019|PRG|12:00|TOS|19:55|7:55|2544|PRG|12:00|OSL|14:00|norwegian|1054||OSL|12:00|TOS|19:55|norwegian|1489||26.01.2019|Saturday|pá
257|16.03.2019|PRG|10:30|TOS|21:20|10:50|2665|PRG|10:30|OSL|12:30|norwegian|1054||OSL|10:30|TOS|21:20|norwegian|1611||26.01.2019|Saturday|so
258|16.03.2019|PRG|10:30|TOS|21:55|11:25|2665|PRG|10:30|OSL|12:30|norwegian|1054||OSL|10:30|TOS|21:55|norwegian|1611||26.01.2019|Saturday|so
259|29.03.2019|PRG|12:00|TOS|23:55|11:55|2665|PRG|12:00|OSL|14:00|norwegian|1054||OSL|12:00|TOS|23:55|norwegian|1611||26.01.2019|Saturday|pá
260|29.03.2019|PRG|12:00|TOS|21:20|9:20|2665|PRG|12:00|OSL|14:00|norwegian|1054||OSL|12:00|TOS|21:20|norwegian|1611||26.01.2019|Saturday|pá
261|29.03.2019|PRG|12:00|TOS|21:55|9:55|2665|PRG|12:00|OSL|14:00|norwegian|1054||OSL|12:00|TOS|21:55|norwegian|1611||26.01.2019|Saturday|pá
262|16.03.2019|PRG|10:30|TOS|23:55|13:25|2665|PRG|10:30|OSL|12:30|norwegian|1054||OSL|10:30|TOS|23:55|norwegian|1611||26.01.2019|Saturday|so
263|15.03.2019|PRG|15:50|TOS|23:55|8:05|2665|PRG|15:50|OSL|17:50|norwegian|1054||OSL|15:50|TOS|23:55|norwegian|1611||26.01.2019|Saturday|pá
264|08.03.2019|PRG|15:50|TOS|21:55|6:05|2665|PRG|15:50|OSL|17:50|norwegian|1054||OSL|15:50|TOS|21:55|norwegian|1611||26.01.2019|Saturday|pá
265|15.03.2019|PRG|15:50|TOS|21:20|5:30|2665|PRG|15:50|OSL|17:50|norwegian|1054||OSL|15:50|TOS|21:20|norwegian|1611||26.01.2019|Saturday|pá
266|08.03.2019|PRG|15:50|TOS|21:20|5:30|2665|PRG|15:50|OSL|17:50|norwegian|1054||OSL|15:50|TOS|21:20|norwegian|1611||26.01.2019|Saturday|pá
267|15.03.2019|PRG|15:50|TOS|21:55|6:05|2665|PRG|15:50|OSL|17:50|norwegian|1054||OSL|15:50|TOS|21:55|norwegian|1611||26.01.2019|Saturday|pá
268|09.03.2019|PRG|10:30|TOS|21:20|10:50|2665|PRG|10:30|OSL|12:30|norwegian|1054||OSL|10:30|TOS|21:20|norwegian|1611||26.01.2019|Saturday|so
269|09.03.2019|PRG|10:30|TOS|23:55|13:25|2665|PRG|10:30|OSL|12:30|norwegian|1054||OSL|10:30|TOS|23:55|norwegian|1611||26.01.2019|Saturday|so
270|09.03.2019|PRG|10:30|TOS|21:55|11:25|2665|PRG|10:30|OSL|12:30|norwegian|1054||OSL|10:30|TOS|21:55|norwegian|1611||26.01.2019|Saturday|so
271|22.03.2019|PRG|15:50|TOS|21:55|6:05|2667|PRG|15:50|OSL|17:50|norwegian|1054||OSL|15:50|TOS|21:55|norwegian|1613||26.01.2019|Saturday|pá
272|22.03.2019|PRG|15:50|TOS|23:55|8:05|2667|PRG|15:50|OSL|17:50|norwegian|1054||OSL|15:50|TOS|23:55|norwegian|1613||26.01.2019|Saturday|pá
273|22.03.2019|PRG|15:50|TOS|21:20|5:30|2667|PRG|15:50|OSL|17:50|norwegian|1054||OSL|15:50|TOS|21:20|norwegian|1613||26.01.2019|Saturday|pá
274|28.05.2019|PRG|12:30|TOS|23:55|11:25|2833|PRG|12:30|OSL|14:30|norwegian|1410||OSL|12:30|TOS|23:55|norwegian|1423||26.01.2019|Saturday|út
275|25.05.2019|PRG|10:55|TOS|20:55|10:00|2833|PRG|10:55|OSL|12:55|norwegian|1410||OSL|10:55|TOS|20:55|norwegian|1423||26.01.2019|Saturday|so
276|02.04.2019|PRG|12:30|TOS|21:55|9:25|2833|PRG|12:30|OSL|14:30|norwegian|1410||OSL|12:30|TOS|21:55|norwegian|1423||26.01.2019|Saturday|út
277|11.05.2019|PRG|10:55|TOS|20:55|10:00|2833|PRG|10:55|OSL|12:55|norwegian|1410||OSL|10:55|TOS|20:55|norwegian|1423||26.01.2019|Saturday|so
278|24.05.2019|PRG|12:30|TOS|17:30|5:00|2833|PRG|12:30|OSL|14:30|norwegian|1410||OSL|12:30|TOS|17:30|norwegian|1423||26.01.2019|Saturday|pá
279|23.05.2019|PRG|12:30|TOS|23:55|11:25|2833|PRG|12:30|OSL|14:30|norwegian|1410||OSL|12:30|TOS|23:55|norwegian|1423||26.01.2019|Saturday|čt
280|02.04.2019|PRG|12:30|TOS|23:55|11:25|2835|PRG|12:30|OSL|14:30|norwegian|1410||OSL|12:30|TOS|23:55|norwegian|1424||26.01.2019|Saturday|út
281|02.05.2019|PRG|12:30|TOS|23:55|11:25|2835|PRG|12:30|OSL|14:30|norwegian|1410||OSL|12:30|TOS|23:55|norwegian|1424||26.01.2019|Saturday|čt
282|09.04.2019|PRG|12:30|TOS|23:55|11:25|2835|PRG|12:30|OSL|14:30|norwegian|1410||OSL|12:30|TOS|23:55|norwegian|1424||26.01.2019|Saturday|út
283|14.02.2019|PRG|12:00|TOS|22:55|10:55|2900|PRG|12:00|OSL|14:00|norwegian|1410||OSL|12:00|TOS|22:55|norwegian|1489||26.01.2019|Saturday|čt
284|12.03.2019|PRG|12:00|TOS|22:55|10:55|2900|PRG|12:00|OSL|14:00|norwegian|1410||OSL|12:00|TOS|22:55|norwegian|1489||26.01.2019|Saturday|út
285|30.01.2019|PRG|11:50|TOS|22:55|11:05|2900|PRG|11:50|OSL|13:50|norwegian|1410||OSL|11:50|TOS|22:55|norwegian|1489||26.01.2019|Saturday|st
286|07.02.2019|PRG|12:00|TOS|22:55|10:55|2900|PRG|12:00|OSL|14:00|norwegian|1410||OSL|12:00|TOS|22:55|norwegian|1489||26.01.2019|Saturday|čt
287|20.03.2019|PRG|11:50|TOS|22:55|11:05|2900|PRG|11:50|OSL|13:50|norwegian|1410||OSL|11:50|TOS|22:55|norwegian|1489||26.01.2019|Saturday|st
288|27.04.2019|PRG|10:55|TOS|20:55|10:00|2970|PRG|10:55|OSL|12:55|norwegian|1547||OSL|10:55|TOS|20:55|norwegian|1423||26.01.2019|Saturday|so
289|11.04.2019|PRG|12:30|TOS|23:55|11:25|2970|PRG|12:30|OSL|14:30|norwegian|1547||OSL|12:30|TOS|23:55|norwegian|1423||26.01.2019|Saturday|čt
290|06.04.2019|PRG|10:55|TOS|20:55|10:00|2970|PRG|10:55|OSL|12:55|norwegian|1547||OSL|10:55|TOS|20:55|norwegian|1423||26.01.2019|Saturday|so
291|14.05.2019|PRG|12:30|TOS|23:55|11:25|2970|PRG|12:30|OSL|14:30|norwegian|1547||OSL|12:30|TOS|23:55|norwegian|1423||26.01.2019|Saturday|út
292|25.04.2019|PRG|12:30|TOS|23:55|11:25|2970|PRG|12:30|OSL|14:30|norwegian|1547||OSL|12:30|TOS|23:55|norwegian|1423||26.01.2019|Saturday|čt
293|04.04.2019|PRG|12:30|TOS|23:55|11:25|2970|PRG|12:30|OSL|14:30|norwegian|1547||OSL|12:30|TOS|23:55|norwegian|1423||26.01.2019|Saturday|čt
294|05.04.2019|PRG|12:30|TOS|17:30|5:00|2970|PRG|12:30|OSL|14:30|norwegian|1547||OSL|12:30|TOS|17:30|norwegian|1423||26.01.2019|Saturday|pá
295|29.03.2019|PRG|15:50|TOS|21:20|5:30|3022|PRG|15:50|OSL|17:50|norwegian|1410||OSL|15:50|TOS|21:20|norwegian|1611||26.01.2019|Saturday|pá
296|14.03.2019|PRG|12:00|TOS|23:55|11:55|3022|PRG|12:00|OSL|14:00|norwegian|1410||OSL|12:00|TOS|23:55|norwegian|1611||26.01.2019|Saturday|čt
297|04.03.2019|PRG|17:50|TOS|23:55|6:05|3022|PRG|17:50|OSL|19:50|norwegian|1410||OSL|17:50|TOS|23:55|norwegian|1611||26.01.2019|Saturday|po
298|15.03.2019|PRG|12:00|TOS|23:55|11:55|3022|PRG|12:00|OSL|14:00|norwegian|1410||OSL|12:00|TOS|23:55|norwegian|1611||26.01.2019|Saturday|pá
299|27.03.2019|PRG|11:50|TOS|21:55|10:05|3022|PRG|11:50|OSL|13:50|norwegian|1410||OSL|11:50|TOS|21:55|norwegian|1611||26.01.2019|Saturday|st
300|05.03.2019|PRG|12:00|TOS|23:55|11:55|3022|PRG|12:00|OSL|14:00|norwegian|1410||OSL|12:00|TOS|23:55|norwegian|1611||26.01.2019|Saturday|út
301|27.03.2019|PRG|11:50|TOS|23:55|12:05|3022|PRG|11:50|OSL|13:50|norwegian|1410||OSL|11:50|TOS|23:55|norwegian|1611||26.01.2019|Saturday|st
302|15.03.2019|PRG|12:00|TOS|21:55|9:55|3022|PRG|12:00|OSL|14:00|norwegian|1410||OSL|12:00|TOS|21:55|norwegian|1611||26.01.2019|Saturday|pá
303|28.03.2019|PRG|12:00|TOS|23:55|11:55|3022|PRG|12:00|OSL|14:00|norwegian|1410||OSL|12:00|TOS|23:55|norwegian|1611||26.01.2019|Saturday|čt
304|27.03.2019|PRG|11:50|TOS|21:20|9:30|3022|PRG|11:50|OSL|13:50|norwegian|1410||OSL|11:50|TOS|21:20|norwegian|1611||26.01.2019|Saturday|st
305|15.03.2019|PRG|12:00|TOS|21:20|9:20|3022|PRG|12:00|OSL|14:00|norwegian|1410||OSL|12:00|TOS|21:20|norwegian|1611||26.01.2019|Saturday|pá
306|29.03.2019|PRG|15:50|TOS|21:55|6:05|3022|PRG|15:50|OSL|17:50|norwegian|1410||OSL|15:50|TOS|21:55|norwegian|1611||26.01.2019|Saturday|pá
307|28.03.2019|PRG|12:00|TOS|21:20|9:20|3022|PRG|12:00|OSL|14:00|norwegian|1410||OSL|12:00|TOS|21:20|norwegian|1611||26.01.2019|Saturday|čt
308|08.03.2019|PRG|12:00|TOS|21:55|9:55|3022|PRG|12:00|OSL|14:00|norwegian|1410||OSL|12:00|TOS|21:55|norwegian|1611||26.01.2019|Saturday|pá
309|08.03.2019|PRG|12:00|TOS|21:20|9:20|3022|PRG|12:00|OSL|14:00|norwegian|1410||OSL|12:00|TOS|21:20|norwegian|1611||26.01.2019|Saturday|pá
310|06.03.2019|PRG|11:50|TOS|21:55|10:05|3022|PRG|11:50|OSL|13:50|norwegian|1410||OSL|11:50|TOS|21:55|norwegian|1611||26.01.2019|Saturday|st
311|06.03.2019|PRG|11:50|TOS|21:20|9:30|3022|PRG|11:50|OSL|13:50|norwegian|1410||OSL|11:50|TOS|21:20|norwegian|1611||26.01.2019|Saturday|st
312|06.03.2019|PRG|11:50|TOS|23:55|12:05|3022|PRG|11:50|OSL|13:50|norwegian|1410||OSL|11:50|TOS|23:55|norwegian|1611||26.01.2019|Saturday|st
313|05.03.2019|PRG|12:00|TOS|21:55|9:55|3022|PRG|12:00|OSL|14:00|norwegian|1410||OSL|12:00|TOS|21:55|norwegian|1611||26.01.2019|Saturday|út
314|22.02.2019|PRG|12:00|TOS|22:40|10:40|3022|PRG|12:00|OSL|14:00|norwegian|1410||OSL|12:00|TOS|22:40|norwegian|1611||26.01.2019|Saturday|pá
315|14.03.2019|PRG|12:00|TOS|21:20|9:20|3022|PRG|12:00|OSL|14:00|norwegian|1410||OSL|12:00|TOS|21:20|norwegian|1611||26.01.2019|Saturday|čt
316|14.03.2019|PRG|12:00|TOS|21:55|9:55|3022|PRG|12:00|OSL|14:00|norwegian|1410||OSL|12:00|TOS|21:55|norwegian|1611||26.01.2019|Saturday|čt
317|22.02.2019|PRG|12:00|TOS|19:05|7:05|3022|PRG|12:00|OSL|14:00|norwegian|1410||OSL|12:00|TOS|19:05|norwegian|1611||26.01.2019|Saturday|pá
318|05.03.2019|PRG|12:00|TOS|21:20|9:20|3022|PRG|12:00|OSL|14:00|norwegian|1410||OSL|12:00|TOS|21:20|norwegian|1611||26.01.2019|Saturday|út
319|28.03.2019|PRG|12:00|TOS|21:55|9:55|3022|PRG|12:00|OSL|14:00|norwegian|1410||OSL|12:00|TOS|21:55|norwegian|1611||26.01.2019|Saturday|čt
320|11.10.2019|PRG|12:30|TOS|17:30|5:00|2833|PRG|12:30|OSL|14:30|norwegian|1410||OSL|12:30|TOS|17:30|norwegian|1422||26.01.2019|Saturday|pá
321|13.09.2019|PRG|12:30|TOS|17:30|5:00|2833|PRG|12:30|OSL|14:30|norwegian|1410||OSL|12:30|TOS|17:30|norwegian|1423||26.01.2019|Saturday|pá
322|13.08.2019|PRG|12:30|TOS|20:55|8:25|2833|PRG|12:30|OSL|14:30|norwegian|1410||OSL|12:30|TOS|20:55|norwegian|1423||26.01.2019|Saturday|út
323|30.08.2019|PRG|12:30|TOS|20:55|8:25|2833|PRG|12:30|OSL|14:30|norwegian|1410||OSL|12:30|TOS|20:55|norwegian|1423||26.01.2019|Saturday|pá
324|28.08.2019|PRG|12:30|TOS|20:55|8:25|2833|PRG|12:30|OSL|14:30|norwegian|1410||OSL|12:30|TOS|20:55|norwegian|1423||26.01.2019|Saturday|st
325|27.08.2019|PRG|12:30|TOS|20:55|8:25|2833|PRG|12:30|OSL|14:30|norwegian|1410||OSL|12:30|TOS|20:55|norwegian|1423||26.01.2019|Saturday|út
326|02.10.2019|PRG|12:30|TOS|20:55|8:25|2833|PRG|12:30|OSL|14:30|norwegian|1410||OSL|12:30|TOS|20:55|norwegian|1423||26.01.2019|Saturday|st
327|24.08.2019|PRG|10:55|TOS|20:55|10:00|2833|PRG|10:55|OSL|12:55|norwegian|1410||OSL|10:55|TOS|20:55|norwegian|1423||26.01.2019|Saturday|so
328|21.08.2019|PRG|12:30|TOS|20:55|8:25|2833|PRG|12:30|OSL|14:30|norwegian|1410||OSL|12:30|TOS|20:55|norwegian|1423||26.01.2019|Saturday|st
329|11.10.2019|PRG|12:30|TOS|20:55|8:25|2833|PRG|12:30|OSL|14:30|norwegian|1410||OSL|12:30|TOS|20:55|norwegian|1423||26.01.2019|Saturday|pá
330|25.10.2019|PRG|12:30|TOS|20:55|8:25|2833|PRG|12:30|OSL|14:30|norwegian|1410||OSL|12:30|TOS|20:55|norwegian|1423||26.01.2019|Saturday|pá
331|22.10.2019|PRG|12:30|TOS|20:55|8:25|2833|PRG|12:30|OSL|14:30|norwegian|1410||OSL|12:30|TOS|20:55|norwegian|1423||26.01.2019|Saturday|út
332|15.10.2019|PRG|12:30|TOS|20:55|8:25|2833|PRG|12:30|OSL|14:30|norwegian|1410||OSL|12:30|TOS|20:55|norwegian|1423||26.01.2019|Saturday|út
333|16.10.2019|PRG|12:30|TOS|20:55|8:25|2833|PRG|12:30|OSL|14:30|norwegian|1410||OSL|12:30|TOS|20:55|norwegian|1423||26.01.2019|Saturday|st
334|31.08.2019|PRG|10:55|TOS|20:55|10:00|2835|PRG|10:55|OSL|12:55|norwegian|1410||OSL|10:55|TOS|20:55|norwegian|1424||26.01.2019|Saturday|so
335|23.10.2019|PRG|12:30|TOS|20:55|8:25|2835|PRG|12:30|OSL|14:30|norwegian|1410||OSL|12:30|TOS|20:55|norwegian|1424||26.01.2019|Saturday|st
336|09.10.2019|PRG|12:30|TOS|20:55|8:25|2835|PRG|12:30|OSL|14:30|norwegian|1410||OSL|12:30|TOS|20:55|norwegian|1424||26.01.2019|Saturday|st
337|19.10.2019|PRG|10:55|TOS|20:55|10:00|2970|PRG|10:55|OSL|12:55|norwegian|1547||OSL|10:55|TOS|20:55|norwegian|1423||26.01.2019|Saturday|so
338|08.10.2019|PRG|12:30|TOS|20:55|8:25|2970|PRG|12:30|OSL|14:30|norwegian|1547||OSL|12:30|TOS|20:55|norwegian|1423||26.01.2019|Saturday|út
339|14.08.2019|PRG|12:30|TOS|20:55|8:25|2970|PRG|12:30|OSL|14:30|norwegian|1547||OSL|12:30|TOS|20:55|norwegian|1423||26.01.2019|Saturday|st
340|20.08.2019|PRG|12:30|TOS|23:55|11:25|2972|PRG|12:30|OSL|14:30|norwegian|1547||OSL|12:30|TOS|23:55|norwegian|1424||26.01.2019|Saturday|út
341|20.08.2019|PRG|12:30|TOS|20:55|8:25|2972|PRG|12:30|OSL|14:30|norwegian|1547||OSL|12:30|TOS|20:55|norwegian|1424||26.01.2019|Saturday|út
342|03.08.2019|PRG|10:55|TOS|20:55|10:00|3104|PRG|10:55|OSL|12:55|norwegian|1680||OSL|10:55|TOS|20:55|norwegian|1423||26.01.2019|Saturday|so
343|15.08.2019|PRG|10:55|TOS|20:55|10:00|3104|PRG|10:55|OSL|12:55|norwegian|1680||OSL|10:55|TOS|20:55|norwegian|1423||26.01.2019|Saturday|čt
344|29.08.2019|PRG|10:55|TOS|20:55|10:00|3104|PRG|10:55|OSL|12:55|norwegian|1680||OSL|10:55|TOS|20:55|norwegian|1423||26.01.2019|Saturday|čt
345|10.08.2019|PRG|10:55|TOS|20:55|10:00|3105|PRG|10:55|OSL|12:55|norwegian|1680||OSL|10:55|TOS|20:55|norwegian|1424||26.01.2019|Saturday|so
346|22.08.2019|PRG|10:55|TOS|20:55|10:00|3105|PRG|10:55|OSL|12:55|norwegian|1680||OSL|10:55|TOS|20:55|norwegian|1424||26.01.2019|Saturday|čt
347|23.08.2019|PRG|12:30|TOS|20:55|8:25|3107|PRG|12:30|OSL|14:30|norwegian|1684||OSL|12:30|TOS|20:55|norwegian|1423||26.01.2019|Saturday|pá
348|04.10.2019|PRG|12:30|TOS|20:55|8:25|3107|PRG|12:30|OSL|14:30|norwegian|1684||OSL|12:30|TOS|20:55|norwegian|1423||26.01.2019|Saturday|pá
349|12.10.2019|PRG|10:55|TOS|20:55|10:00|3107|PRG|10:55|OSL|12:55|norwegian|1684||OSL|10:55|TOS|20:55|norwegian|1423||26.01.2019|Saturday|so
350|26.10.2019|PRG|10:55|TOS|20:55|10:00|3109|PRG|10:55|OSL|12:55|norwegian|1684||OSL|10:55|TOS|20:55|norwegian|1424||26.01.2019|Saturday|so
351|16.08.2019|PRG|12:30|TOS|20:55|8:25|3299|PRG|12:30|OSL|14:30|norwegian|1876||OSL|12:30|TOS|20:55|norwegian|1423||26.01.2019|Saturday|pá
352|01.10.2019|PRG|12:30|TOS|17:30|5:00|3299|PRG|12:30|OSL|14:30|norwegian|1876||OSL|12:30|TOS|17:30|norwegian|1423||26.01.2019|Saturday|út
353|19.08.2019|PRG|12:30|TOS|20:55|8:25|3299|PRG|12:30|OSL|14:30|norwegian|1876||OSL|12:30|TOS|20:55|norwegian|1423||26.01.2019|Saturday|po
354|14.10.2019|PRG|12:30|TOS|20:55|8:25|3574|PRG|12:30|OSL|14:30|norwegian|2150||OSL|12:30|TOS|20:55|norwegian|1424||26.01.2019|Saturday|po
355|15.10.2019|PRG|12:30|TOS|19:10|6:40|3599|PRG|12:30|OSL|14:30|norwegian|1410||OSL|12:30|TOS|19:10|norwegian|2189||26.01.2019|Saturday|út
356|04.09.2019|PRG|12:30|TOS|23:55|11:25|3599|PRG|12:30|OSL|14:30|norwegian|1410||OSL|12:30|TOS|23:55|norwegian|2189||26.01.2019|Saturday|st
357|18.09.2019|PRG|12:30|TOS|23:55|11:25|3599|PRG|12:30|OSL|14:30|norwegian|1410||OSL|12:30|TOS|23:55|norwegian|2189||26.01.2019|Saturday|st
358|21.08.2019|PRG|12:30|TOS|23:55|11:25|3599|PRG|12:30|OSL|14:30|norwegian|1410||OSL|12:30|TOS|23:55|norwegian|2189||26.01.2019|Saturday|st
359|27.08.2019|PRG|12:30|TOS|19:10|6:40|3599|PRG|12:30|OSL|14:30|norwegian|1410||OSL|12:30|TOS|19:10|norwegian|2189||26.01.2019|Saturday|út
360|17.09.2019|PRG|12:30|TOS|19:10|6:40|3599|PRG|12:30|OSL|14:30|norwegian|1410||OSL|12:30|TOS|19:10|norwegian|2189||26.01.2019|Saturday|út
361|10.09.2019|PRG|12:30|TOS|19:10|6:40|3599|PRG|12:30|OSL|14:30|norwegian|1410||OSL|12:30|TOS|19:10|norwegian|2189||26.01.2019|Saturday|út
362|23.10.2019|PRG|12:30|TOS|23:55|11:25|3599|PRG|12:30|OSL|14:30|norwegian|1410||OSL|12:30|TOS|23:55|norwegian|2189||26.01.2019|Saturday|st
363|22.10.2019|PRG|12:30|TOS|19:10|6:40|3599|PRG|12:30|OSL|14:30|norwegian|1410||OSL|12:30|TOS|19:10|norwegian|2189||26.01.2019|Saturday|út
364|11.09.2019|PRG|12:30|TOS|23:55|11:25|3599|PRG|12:30|OSL|14:30|norwegian|1410||OSL|12:30|TOS|23:55|norwegian|2189||26.01.2019|Saturday|st
365|09.10.2019|PRG|12:30|TOS|23:55|11:25|3599|PRG|12:30|OSL|14:30|norwegian|1410||OSL|12:30|TOS|23:55|norwegian|2189||26.01.2019|Saturday|st
366|27.08.2019|PRG|12:30|TOS|23:55|11:25|3640|PRG|12:30|OSL|14:30|norwegian|1410||OSL|12:30|TOS|23:55|norwegian|2230||26.01.2019|Saturday|út
367|30.08.2019|PRG|12:30|TOS|17:30|5:00|3640|PRG|12:30|OSL|14:30|norwegian|1410||OSL|12:30|TOS|17:30|norwegian|2230||26.01.2019|Saturday|pá
368|18.10.2019|PRG|12:30|TOS|17:30|5:00|3640|PRG|12:30|OSL|14:30|norwegian|1410||OSL|12:30|TOS|17:30|norwegian|2230||26.01.2019|Saturday|pá
369|15.10.2019|PRG|12:30|TOS|23:55|11:25|3640|PRG|12:30|OSL|14:30|norwegian|1410||OSL|12:30|TOS|23:55|norwegian|2230||26.01.2019|Saturday|út
370|14.09.2019|PRG|10:55|TOS|17:00|6:05|3643|PRG|10:55|OSL|12:55|norwegian|1410||OSL|10:55|TOS|17:00|norwegian|2232||26.01.2019|Saturday|so
371|14.09.2019|PRG|10:55|TOS|19:10|8:15|3643|PRG|10:55|OSL|12:55|norwegian|1410||OSL|10:55|TOS|19:10|norwegian|2232||26.01.2019|Saturday|so
372|13.09.2019|PRG|12:30|TOS|23:55|11:25|3643|PRG|12:30|OSL|14:30|norwegian|1410||OSL|12:30|TOS|23:55|norwegian|2233||26.01.2019|Saturday|pá
373|07.09.2019|PRG|10:55|TOS|23:55|13:00|3643|PRG|10:55|OSL|12:55|norwegian|1410||OSL|10:55|TOS|23:55|norwegian|2233||26.01.2019|Saturday|so
374|27.09.2019|PRG|12:30|TOS|23:55|11:25|3643|PRG|12:30|OSL|14:30|norwegian|1410||OSL|12:30|TOS|23:55|norwegian|2233||26.01.2019|Saturday|pá
375|28.09.2019|PRG|10:55|TOS|23:55|13:00|3643|PRG|10:55|OSL|12:55|norwegian|1410||OSL|10:55|TOS|23:55|norwegian|2233||26.01.2019|Saturday|so
376|20.09.2019|PRG|12:30|TOS|23:55|11:25|3643|PRG|12:30|OSL|14:30|norwegian|1410||OSL|12:30|TOS|23:55|norwegian|2233||26.01.2019|Saturday|pá
377|21.09.2019|PRG|10:55|TOS|23:55|13:00|3643|PRG|10:55|OSL|12:55|norwegian|1410||OSL|10:55|TOS|23:55|norwegian|2233||26.01.2019|Saturday|so
378|14.09.2019|PRG|10:55|TOS|23:55|13:00|3646|PRG|10:55|OSL|12:55|norwegian|1410||OSL|10:55|TOS|23:55|norwegian|2235||26.01.2019|Saturday|so
379|17.09.2019|PRG|12:30|TOS|23:55|11:25|3646|PRG|12:30|OSL|14:30|norwegian|1410||OSL|12:30|TOS|23:55|norwegian|2235||26.01.2019|Saturday|út
380|14.09.2019|PRG|10:55|TOS|21:40|10:45|3646|PRG|10:55|OSL|12:55|norwegian|1410||OSL|10:55|TOS|21:40|norwegian|2235||26.01.2019|Saturday|so
381|10.09.2019|PRG|12:30|TOS|23:55|11:25|3646|PRG|12:30|OSL|14:30|norwegian|1410||OSL|12:30|TOS|23:55|norwegian|2235||26.01.2019|Saturday|út
382|07.09.2019|PRG|10:55|TOS|19:10|8:15|3676|PRG|10:55|OSL|12:55|norwegian|1410||OSL|10:55|TOS|19:10|norwegian|2265||26.01.2019|Saturday|so
383|07.09.2019|PRG|10:55|TOS|17:00|6:05|3676|PRG|10:55|OSL|12:55|norwegian|1410||OSL|10:55|TOS|17:00|norwegian|2265||26.01.2019|Saturday|so
384|03.07.2019|PRG|07:50|DUB|15:55|9:05|1118|PRG|07:50|EIN|09:15|Ryanair|529||EIN|07:50|DUB|15:55|Ryanair|589|4|26.01.2019|Saturday|st
385|02.04.2019|PRG|06:35|NCE|17:00|10:25|931|PRG|06:35|STN|07:35|Ryanair|485||STN|06:35|NCE|17:00|Ryanair|445||26.01.2019|Saturday|út
386|10.04.2019|PRG|06:35|NCE|21:20|14:45|1063|PRG|06:35|STN|07:35|Ryanair|529|1|STN|06:35|NCE|21:20|Ryanair|534||26.01.2019|Saturday|st
387|10.04.2019|PRG|11:40|NCE|21:20|9:40|1063|PRG|11:40|STN|12:40|Ryanair|529||STN|11:40|NCE|21:20|Ryanair|534||26.01.2019|Saturday|st
388|09.04.2019|PRG|06:35|NCE|17:00|10:25|1122|PRG|06:35|STN|07:35|Ryanair|676||STN|06:35|NCE|17:00|Ryanair|445||26.01.2019|Saturday|út
389|26.06.2019|PRG|06:35|NCE|21:20|14:45|1123|PRG|06:35|STN|07:35|Ryanair|529||STN|06:35|NCE|21:20|Ryanair|594||26.01.2019|Saturday|st
390|26.06.2019|PRG|11:40|NCE|21:20|9:40|1123|PRG|11:40|STN|12:40|Ryanair|529||STN|11:40|NCE|21:20|Ryanair|594||26.01.2019|Saturday|st
391|12.06.2019|PRG|06:35|NCE|21:20|14:45|1123|PRG|06:35|STN|07:35|Ryanair|529||STN|06:35|NCE|21:20|Ryanair|594|1|26.01.2019|Saturday|st
392|14.05.2019|PRG|06:35|NCE|17:00|10:25|1123|PRG|06:35|STN|07:35|Ryanair|529||STN|06:35|NCE|17:00|Ryanair|594||26.01.2019|Saturday|út
393|29.05.2019|PRG|06:35|NCE|21:20|14:45|1123|PRG|06:35|STN|07:35|Ryanair|529||STN|06:35|NCE|21:20|Ryanair|594||26.01.2019|Saturday|st
394|04.06.2019|PRG|06:35|NCE|17:00|10:25|1123|PRG|06:35|STN|07:35|Ryanair|529||STN|06:35|NCE|17:00|Ryanair|594|1|26.01.2019|Saturday|út
395|05.06.2019|PRG|06:35|NCE|21:20|14:45|1123|PRG|06:35|STN|07:35|Ryanair|529|1|STN|06:35|NCE|21:20|Ryanair|594|2|26.01.2019|Saturday|st
396|15.05.2019|PRG|06:35|NCE|21:20|14:45|1123|PRG|06:35|STN|07:35|Ryanair|529||STN|06:35|NCE|21:20|Ryanair|594||26.01.2019|Saturday|st
397|15.05.2019|PRG|11:40|NCE|21:20|9:40|1123|PRG|11:40|STN|12:40|Ryanair|529||STN|11:40|NCE|21:20|Ryanair|594||26.01.2019|Saturday|st
398|12.06.2019|PRG|11:40|NCE|21:20|9:40|1123|PRG|11:40|STN|12:40|Ryanair|529||STN|11:40|NCE|21:20|Ryanair|594|1|26.01.2019|Saturday|st
399|03.04.2019|PRG|11:40|NCE|21:20|9:40|1164|PRG|11:40|STN|12:40|Ryanair|485||STN|11:40|NCE|21:20|Ryanair|678||26.01.2019|Saturday|st
400|04.04.2019|PRG|06:35|NCE|21:00|14:25|1164|PRG|06:35|STN|07:35|Ryanair|485||STN|06:35|NCE|21:00|Ryanair|678||26.01.2019|Saturday|čt
401|03.04.2019|PRG|06:35|NCE|21:20|14:45|1164|PRG|06:35|STN|07:35|Ryanair|485||STN|06:35|NCE|21:20|Ryanair|678||26.01.2019|Saturday|st
402|27.03.2019|PRG|12:35|NCE|20:40|8:05|724|PRG|12:35|LGW|13:45|easyJet|274|3|LGW|12:35|NCE|20:40|easyJet|450|8|26.01.2019|Saturday|st
403|26.03.2019|PRG|12:35|NCE|20:40|8:05|724|PRG|12:35|LGW|13:45|easyJet|274|3|LGW|12:35|NCE|20:40|easyJet|450|8|26.01.2019|Saturday|út
404|04.03.2019|PRG|08:15|NCE|20:25|12:10|728|PRG|08:15|BSL|09:35|easyJet|554|6|BSL|08:15|NCE|20:25|easyJet|174|8|26.01.2019|Saturday|po
405|18.03.2019|PRG|08:15|NCE|20:25|12:10|728|PRG|08:15|BSL|09:35|easyJet|554|5|BSL|08:15|NCE|20:25|easyJet|174|8|26.01.2019|Saturday|po
406|11.04.2019|PRG|06:35|NCE|21:00|14:25|1211|PRG|06:35|STN|07:35|Ryanair|676||STN|06:35|NCE|21:00|Ryanair|534|2|26.01.2019|Saturday|čt
407|30.03.2019|PRG|10:30|NCE|20:10|9:40|814|PRG|10:30|STN|11:30|easyJet|303|3|STN|10:30|NCE|20:10|easyJet|510|8|26.01.2019|Saturday|so
408|25.05.2019|PRG|15:00|NCE|20:05|5:05|820|PRG|15:00|BSL|16:30|easyJet|463|8|BSL|15:00|NCE|20:05|easyJet|357|8|26.01.2019|Saturday|so
409|28.03.2019|PRG|07:20|NCE|16:05|8:45|864|PRG|07:20|STN|08:30|Ryanair|389|2|STN|07:20|NCE|16:05|easyJet|475|3|26.01.2019|Saturday|čt
410|11.02.2019|PRG|08:15|NCE|20:25|12:10|882|PRG|08:15|BSL|09:35|easyJet|342|8|BSL|08:15|NCE|20:25|easyJet|540|1|26.01.2019|Saturday|po
411|02.04.2019|PRG|12:25|NCE|21:25|9:00|904|PRG|12:25|LGW|13:35|easyJet|333|3|LGW|12:25|NCE|21:25|easyJet|570|8|26.01.2019|Saturday|út
412|11.05.2019|PRG|15:10|NCE|21:00|5:50|928|PRG|15:10|STN|16:05|easyJet|333|4|STN|15:10|NCE|21:00|Ryanair|594||26.01.2019|Saturday|so
413|30.03.2019|PRG|10:30|NCE|15:55|5:25|982|PRG|10:30|STN|11:30|easyJet|303|3|STN|10:30|NCE|15:55|Ryanair|678|4|26.01.2019|Saturday|so
414|11.05.2019|PRG|15:10|NCE|21:15|6:05|994|PRG|15:10|STN|16:05|easyJet|333|4|STN|15:10|NCE|21:15|easyJet|660|8|26.01.2019|Saturday|so
415|15.03.2019|PRG|06:50|NCE|20:30|13:40|996|PRG|06:50|STN|08:00|Ryanair|485|1|STN|06:50|NCE|20:30|easyJet|510|8|26.01.2019|Saturday|pá
416|07.03.2019|PRG|07:20|NCE|16:05|8:45|996|PRG|07:20|STN|08:30|Ryanair|485|2|STN|07:20|NCE|16:05|easyJet|510|8|26.01.2019|Saturday|čt
417|03.04.2019|PRG|15:05|NCE|21:20|6:15|1021|PRG|15:05|STN|15:55|easyJet|342|8|STN|15:05|NCE|21:20|Ryanair|678||26.01.2019|Saturday|st
418|03.04.2019|PRG|12:25|NCE|21:25|9:00|1024|PRG|12:25|LGW|13:35|easyJet|333|1|LGW|12:25|NCE|21:25|easyJet|690|6|26.01.2019|Saturday|st
419|25.02.2019|PRG|08:15|NCE|20:25|12:10|1031|PRG|08:15|BSL|09:35|easyJet|857|1|BSL|08:15|NCE|20:25|easyJet|174|8|26.01.2019|Saturday|po
420|15.03.2019|PRG|12:20|NCE|17:10|4:50|1031|PRG|12:20|BSL|13:40|easyJet|857|1|BSL|12:20|NCE|17:10|easyJet|174|2|26.01.2019|Saturday|pá
421|05.03.2019|PRG|12:35|NCE|20:40|8:05|1063|PRG|12:35|LGW|13:45|easyJet|433|2|LGW|12:35|NCE|20:40|easyJet|630|1|26.01.2019|Saturday|út
422|19.03.2019|PRG|12:35|NCE|20:40|8:05|1065|PRG|12:35|LGW|13:45|easyJet|614|6|LGW|12:35|NCE|20:40|easyJet|450|8|26.01.2019|Saturday|út
423|14.05.2019|PRG|12:25|NCE|21:25|9:00|1084|PRG|12:25|LGW|13:35|easyJet|333|4|LGW|12:25|NCE|21:25|easyJet|750|8|26.01.2019|Saturday|út
424|11.03.2019|PRG|08:15|NCE|20:25|12:10|1092|PRG|08:15|BSL|09:35|easyJet|917|6|BSL|08:15|NCE|20:25|easyJet|174|7|26.01.2019|Saturday|po
425|18.05.2019|PRG|06:35|NCE|21:15|14:40|1107|PRG|06:35|STN|07:35|Ryanair|676|1|STN|06:35|NCE|21:15|easyJet|430|4|26.01.2019|Saturday|so
426|16.03.2019|PRG|10:30|NCE|15:55|5:25|1109|PRG|10:30|STN|11:30|easyJet|664|1|STN|10:30|NCE|15:55|Ryanair|445||26.01.2019|Saturday|so
427|29.03.2019|PRG|10:35|NCE|15:55|5:20|1111|PRG|10:35|STN|11:35|easyJet|433|8|STN|10:35|NCE|15:55|Ryanair|678|4|26.01.2019|Saturday|pá
428|12.06.2019|PRG|15:05|NCE|21:20|6:15|1118|PRG|15:05|STN|15:55|easyJet|523|8|STN|15:05|NCE|21:20|Ryanair|594|1|26.01.2019|Saturday|st
429|29.05.2019|PRG|15:05|NCE|21:20|6:15|1118|PRG|15:05|STN|15:55|easyJet|523|6|STN|15:05|NCE|21:20|Ryanair|594||26.01.2019|Saturday|st
430|15.06.2019|PRG|15:00|NCE|20:05|5:05|1120|PRG|15:00|BSL|16:30|easyJet|614|8|BSL|15:00|NCE|20:05|easyJet|505|1|26.01.2019|Saturday|so
431|13.03.2019|PRG|12:35|NCE|20:40|8:05|1124|PRG|12:35|LGW|13:45|easyJet|493|4|LGW|12:35|NCE|20:40|easyJet|630|8|26.01.2019|Saturday|st
432|19.06.2019|PRG|09:05|NCE|14:15|5:10|1127|PRG|09:05|NAP|11:05|easyJet|735|8|NAP|09:05|NCE|14:15|easyJet|391|8|26.01.2019|Saturday|st
433|07.03.2019|PRG|12:35|NCE|20:40|8:05|1144|PRG|12:35|LGW|13:45|easyJet|454|6|LGW|12:35|NCE|20:40|easyJet|690|8|26.01.2019|Saturday|čt
434|04.04.2019|PRG|06:35|NCE|15:50|9:15|1146|PRG|06:35|STN|07:35|Ryanair|485||STN|06:35|NCE|15:50|easyJet|660|8|26.01.2019|Saturday|čt
435|06.02.2019|PRG|12:35|NCE|20:40|8:05|1156|PRG|12:35|LGW|13:45|easyJet|705|2|LGW|12:35|NCE|20:40|easyJet|450|8|26.01.2019|Saturday|st
436|18.05.2019|PRG|15:10|NCE|21:15|6:05|1166|PRG|15:10|STN|16:05|easyJet|735|5|STN|15:10|NCE|21:15|easyJet|430|4|26.01.2019|Saturday|so
437|16.03.2019|PRG|10:30|NCE|20:10|9:40|1174|PRG|10:30|STN|11:30|easyJet|664|1|STN|10:30|NCE|20:10|easyJet|510|8|26.01.2019|Saturday|so
438|06.03.2019|PRG|12:35|NCE|20:40|8:05|1183|PRG|12:35|LGW|13:45|easyJet|402|6|LGW|12:35|NCE|20:40|easyJet|780|8|26.01.2019|Saturday|st
439|13.03.2019|PRG|07:20|NCE|20:55|13:35|1187|PRG|07:20|STN|08:30|Ryanair|676||STN|07:20|NCE|20:55|easyJet|510|8|26.01.2019|Saturday|st
440|14.03.2019|PRG|07:20|NCE|16:05|8:45|1187|PRG|07:20|STN|08:30|Ryanair|676|5|STN|07:20|NCE|16:05|easyJet|510|8|26.01.2019|Saturday|čt
441|30.03.2019|PRG|07:20|NCE|20:10|12:50|1187|PRG|07:20|STN|08:30|Ryanair|676|2|STN|07:20|NCE|20:10|easyJet|510|8|26.01.2019|Saturday|so
442|14.03.2019|PRG|07:20|NCE|21:15|13:55|1187|PRG|07:20|STN|08:30|Ryanair|676|5|STN|07:20|NCE|21:15|easyJet|510|8|26.01.2019|Saturday|čt
443|12.03.2019|PRG|07:20|NCE|20:55|13:35|1187|PRG|07:20|STN|08:30|Ryanair|676|2|STN|07:20|NCE|20:55|easyJet|510|8|26.01.2019|Saturday|út
444|23.03.2019|PRG|07:20|NCE|20:10|12:50|1194|PRG|07:20|STN|08:30|Ryanair|718|1|STN|07:20|NCE|20:10|easyJet|475|8|26.01.2019|Saturday|so
445|15.05.2019|PRG|15:05|NCE|21:20|6:15|1208|PRG|15:05|STN|15:55|easyJet|614|7|STN|15:05|NCE|21:20|Ryanair|594||26.01.2019|Saturday|st
446|10.04.2019|PRG|15:05|NCE|21:20|6:15|1209|PRG|15:05|STN|15:55|easyJet|675|4|STN|15:05|NCE|21:20|Ryanair|534||26.01.2019|Saturday|st
447|23.06.2019|PRG|09:05|NCE|14:35|5:30|1214|PRG|09:05|NAP|11:05|easyJet|887|1|NAP|09:05|NCE|14:35|easyJet|326|4|26.01.2019|Saturday|ne
448|13.04.2019|PRG|06:35|NCE|21:15|14:40|1219|PRG|06:35|STN|07:35|Ryanair|529|1|STN|06:35|NCE|21:15|easyJet|690|4|26.01.2019|Saturday|so
449|21.09.2019|PRG|15:00|NCE|20:05|5:05|763|PRG|15:00|BSL|16:30|easyJet|463|4|BSL|15:00|NCE|20:05|easyJet|300|5|26.01.2019|Saturday|so
450|07.09.2019|PRG|15:00|NCE|20:05|5:05|763|PRG|15:00|BSL|16:30|easyJet|463|6|BSL|15:00|NCE|20:05|easyJet|300|8|26.01.2019|Saturday|so
451|11.10.2019|PRG|09:05|NCE|14:05|5:00|790|PRG|09:05|NAP|11:05|easyJet|463|5|NAP|09:05|NCE|14:05|easyJet|326|4|26.01.2019|Saturday|pá
452|16.10.2019|PRG|09:05|NCE|14:15|5:10|790|PRG|09:05|NAP|11:05|easyJet|463|8|NAP|09:05|NCE|14:15|easyJet|326|8|26.01.2019|Saturday|st
453|09.10.2019|PRG|09:05|NCE|14:15|5:10|790|PRG|09:05|NAP|11:05|easyJet|463|3|NAP|09:05|NCE|14:15|easyJet|326|6|26.01.2019|Saturday|st
454|31.07.2019|PRG|13:10|NCE|16:45|3:35|798|PRG|13:10|VCE|14:35|easyJet|523|8|VCE|13:10|NCE|16:45|easyJet|274|3|26.01.2019|Saturday|st
455|27.09.2019|PRG|09:05|NCE|14:05|5:00|850|PRG|09:05|NAP|11:05|easyJet|523|3|NAP|09:05|NCE|14:05|easyJet|326|8|26.01.2019|Saturday|pá
456|07.08.2019|PRG|13:10|NCE|16:45|3:35|850|PRG|13:10|VCE|14:35|easyJet|523|7|VCE|13:10|NCE|16:45|easyJet|326|3|26.01.2019|Saturday|st
457|25.09.2019|PRG|09:05|NCE|14:15|5:10|850|PRG|09:05|NAP|11:05|easyJet|523|7|NAP|09:05|NCE|14:15|easyJet|326|8|26.01.2019|Saturday|st
458|14.09.2019|PRG|15:00|NCE|20:05|5:05|877|PRG|15:00|BSL|16:30|easyJet|554|4|BSL|15:00|NCE|20:05|easyJet|322|8|26.01.2019|Saturday|so
459|10.07.2019|PRG|13:10|NCE|16:45|3:35|880|PRG|13:10|VCE|14:35|easyJet|554|8|VCE|13:10|NCE|16:45|easyJet|326|3|26.01.2019|Saturday|st
460|18.10.2019|PRG|09:05|NCE|14:05|5:00|880|PRG|09:05|NAP|11:05|easyJet|554|2|NAP|09:05|NCE|14:05|easyJet|326|8|26.01.2019|Saturday|pá
461|02.10.2019|PRG|09:05|NCE|14:15|5:10|885|PRG|09:05|NAP|11:05|easyJet|493|4|NAP|09:05|NCE|14:15|easyJet|391|5|26.01.2019|Saturday|st
462|24.07.2019|PRG|13:10|NCE|16:45|3:35|885|PRG|13:10|VCE|14:35|easyJet|584|8|VCE|13:10|NCE|16:45|easyJet|300|6|26.01.2019|Saturday|st
463|23.10.2019|PRG|09:05|NCE|14:15|5:10|889|PRG|09:05|NAP|11:05|easyJet|523|3|NAP|09:05|NCE|14:15|easyJet|365|8|26.01.2019|Saturday|st
464|18.09.2019|PRG|09:05|NCE|14:15|5:10|911|PRG|09:05|NAP|11:05|easyJet|584|1|NAP|09:05|NCE|14:15|easyJet|326|8|26.01.2019|Saturday|st
465|19.10.2019|PRG|15:00|NCE|20:05|5:05|911|PRG|15:00|BSL|16:30|easyJet|554|1|BSL|15:00|NCE|20:05|easyJet|357|4|26.01.2019|Saturday|so
466|12.10.2019|PRG|15:00|NCE|20:05|5:05|914|PRG|15:00|BSL|16:30|easyJet|614|1|BSL|15:00|NCE|20:05|easyJet|300|3|26.01.2019|Saturday|so
467|17.07.2019|PRG|13:10|NCE|16:45|3:35|915|PRG|13:10|VCE|14:35|easyJet|523|6|VCE|13:10|NCE|16:45|easyJet|391|5|26.01.2019|Saturday|st
468|20.10.2019|PRG|09:05|NCE|14:35|5:30|919|PRG|09:05|NAP|11:05|easyJet|554|5|NAP|09:05|NCE|14:35|easyJet|365|4|26.01.2019|Saturday|ne
469|13.10.2019|PRG|09:05|NCE|14:35|5:30|945|PRG|09:05|NAP|11:05|easyJet|554|3|NAP|09:05|NCE|14:35|easyJet|391|5|26.01.2019|Saturday|ne
470|04.10.2019|PRG|09:05|NCE|14:05|5:00|1002|PRG|09:05|NAP|11:05|easyJet|675|7|NAP|09:05|NCE|14:05|easyJet|326|6|26.01.2019|Saturday|pá
471|28.08.2019|PRG|13:10|NCE|16:45|3:35|1010|PRG|13:10|VCE|14:35|easyJet|735|7|VCE|13:10|NCE|16:45|easyJet|274|7|26.01.2019|Saturday|st
472|22.09.2019|PRG|09:05|NCE|14:35|5:30|1062|PRG|09:05|NAP|11:05|easyJet|645|6|NAP|09:05|NCE|14:35|easyJet|417|4|26.01.2019|Saturday|ne
473|26.10.2019|PRG|15:00|NCE|20:05|5:05|1087|PRG|15:00|BSL|16:30|easyJet|523|6|BSL|15:00|NCE|20:05|easyJet|563|5|26.01.2019|Saturday|so
474|29.09.2019|PRG|09:05|NCE|14:35|5:30|1092|PRG|09:05|NAP|11:05|easyJet|584|3|NAP|09:05|NCE|14:35|easyJet|508|2|26.01.2019|Saturday|ne
475|05.10.2019|PRG|15:10|NCE|21:15|6:05|1095|PRG|15:10|STN|16:05|easyJet|584|3|STN|15:10|NCE|21:15|easyJet|510|8|26.01.2019|Saturday|so
476|06.10.2019|PRG|09:05|NCE|14:35|5:30|1122|PRG|09:05|NAP|11:05|easyJet|614|6|NAP|09:05|NCE|14:35|easyJet|508|3|26.01.2019|Saturday|ne
477|08.09.2019|PRG|09:05|NCE|14:35|5:30|1123|PRG|09:05|NAP|11:05|easyJet|796|5|NAP|09:05|NCE|14:35|easyJet|326|8|26.01.2019|Saturday|ne
478|20.09.2019|PRG|09:05|NCE|14:05|5:00|1127|PRG|09:05|NAP|11:05|easyJet|735|3|NAP|09:05|NCE|14:05|easyJet|391|6|26.01.2019|Saturday|pá
479|10.09.2019|PRG|12:25|NCE|21:25|9:00|1154|PRG|12:25|LGW|13:35|easyJet|523|6|LGW|12:25|NCE|21:25|easyJet|630|6|26.01.2019|Saturday|út
480|17.10.2019|PRG|06:35|NCE|15:50|9:15|1159|PRG|06:35|STN|07:35|Ryanair|529|5|STN|06:35|NCE|15:50|easyJet|630|3|26.01.2019|Saturday|čt
481|14.08.2019|PRG|13:10|NCE|16:45|3:35|1179|PRG|13:10|VCE|14:35|easyJet|735|6|VCE|13:10|NCE|16:45|easyJet|443|8|26.01.2019|Saturday|st
482|05.08.2019|PRG|09:05|NCE|20:35|11:30|1179|PRG|09:05|NAP|11:05|easyJet|735|5|NAP|09:05|NCE|20:35|easyJet|443|3|26.01.2019|Saturday|po
483|06.10.2019|PRG|09:50|NCE|21:40|11:50|1185|PRG|09:50|EDI|11:15|easyJet|554|1|EDI|09:50|NCE|21:40|easyJet|630|3|26.01.2019|Saturday|ne
484|22.07.2019|PRG|09:05|NCE|20:35|11:30|1214|PRG|09:05|NAP|11:05|easyJet|887|7|NAP|09:05|NCE|20:35|easyJet|326|8|26.01.2019|Saturday|po
485|07.09.2019|PRG|15:10|NCE|20:55|5:45|1215|PRG|15:10|LGW|16:20|easyJet|584|2|LGW|15:10|NCE|20:55|easyJet|630|1|26.01.2019|Saturday|so
486|03.07.2019|PRG|13:10|NCE|16:45|3:35|1218|PRG|13:10|VCE|14:35|easyJet|917|1|VCE|13:10|NCE|16:45|easyJet|300|4|26.01.2019|Saturday|st
487|04.09.2019|PRG|09:05|NCE|14:15|5:10|1248|PRG|09:05|NAP|11:05|easyJet|857|7|NAP|09:05|NCE|14:15|easyJet|391|4|26.01.2019|Saturday|st
488|11.09.2019|PRG|09:05|NCE|14:15|5:10|1253|PRG|09:05|NAP|11:05|easyJet|887|5|NAP|09:05|NCE|14:15|easyJet|365|6|26.01.2019|Saturday|st
489|15.09.2019|PRG|09:05|NCE|14:35|5:30|1270|PRG|09:05|NAP|11:05|easyJet|735|5|NAP|09:05|NCE|14:35|easyJet|534|4|26.01.2019|Saturday|ne
490|02.10.2019|PRG|12:25|NCE|21:25|9:00|1274|PRG|12:25|LGW|13:35|easyJet|523|3|LGW|12:25|NCE|21:25|easyJet|750|5|26.01.2019|Saturday|st
491|08.10.2019|PRG|12:25|NCE|21:25|9:00|1274|PRG|12:25|LGW|13:35|easyJet|523|8|LGW|12:25|NCE|21:25|easyJet|750|8|26.01.2019|Saturday|út
492|05.10.2019|PRG|15:10|NCE|20:55|5:45|1274|PRG|15:10|LGW|16:20|easyJet|523|4|LGW|15:10|NCE|20:55|easyJet|750|8|26.01.2019|Saturday|so
493|19.10.2019|PRG|15:10|NCE|21:15|6:05|1274|PRG|15:10|STN|16:05|easyJet|523|5|STN|15:10|NCE|21:15|easyJet|750|4|26.01.2019|Saturday|so
494|10.10.2019|PRG|12:25|NCE|21:25|9:00|1274|PRG|12:25|LGW|13:35|easyJet|523|8|LGW|12:25|NCE|21:25|easyJet|750|1|26.01.2019|Saturday|čt
495|13.09.2019|PRG|09:05|NCE|14:05|5:00|1274|PRG|09:05|NAP|11:05|easyJet|948|2|NAP|09:05|NCE|14:05|easyJet|326|8|26.01.2019|Saturday|pá
496|28.09.2019|PRG|15:10|NCE|21:15|6:05|1275|PRG|15:10|STN|16:05|easyJet|645|6|STN|15:10|NCE|21:15|easyJet|630|4|26.01.2019|Saturday|so
497|19.10.2019|PRG|06:35|NCE|21:15|14:40|1279|PRG|06:35|STN|07:35|Ryanair|529|5|STN|06:35|NCE|21:15|easyJet|750|4|26.01.2019|Saturday|so
498|14.09.2019|PRG|06:35|NCE|21:15|14:40|1296|PRG|06:35|STN|07:35|Ryanair|845|5|STN|06:35|NCE|21:15|easyJet|450|8|26.01.2019|Saturday|so
499|09.10.2019|PRG|12:25|NCE|21:25|9:00|1304|PRG|12:25|LGW|13:35|easyJet|554|3|LGW|12:25|NCE|21:25|easyJet|750|5|26.01.2019|Saturday|st
500|11.09.2019|PRG|12:25|NCE|21:25|9:00|1306|PRG|12:25|LGW|13:35|easyJet|675|3|LGW|12:25|NCE|21:25|easyJet|630|1|26.01.2019|Saturday|st
501|21.09.2019|PRG|15:10|NCE|20:55|5:45|1306|PRG|15:10|LGW|16:20|easyJet|675|4|LGW|15:10|NCE|20:55|easyJet|630|5|26.01.2019|Saturday|so
502|30.09.2019|PRG|12:25|NCE|21:25|9:00|1306|PRG|12:25|LGW|13:35|easyJet|675|2|LGW|12:25|NCE|21:25|easyJet|630|8|26.01.2019|Saturday|po
503|02.08.2019|PRG|09:05|NCE|14:05|5:00|1308|PRG|09:05|NAP|11:05|easyJet|735|8|NAP|09:05|NCE|14:05|easyJet|572|8|26.01.2019|Saturday|pá
504|01.10.2019|PRG|12:25|NCE|21:25|9:00|1335|PRG|12:25|LGW|13:35|easyJet|584|4|LGW|12:25|NCE|21:25|easyJet|750|5|26.01.2019|Saturday|út
505|15.10.2019|PRG|12:25|NCE|21:25|9:00|1335|PRG|12:25|LGW|13:35|easyJet|584|3|LGW|12:25|NCE|21:25|easyJet|750|5|26.01.2019|Saturday|út
506|07.09.2019|PRG|15:10|NCE|21:15|6:05|1335|PRG|15:10|STN|16:05|easyJet|645|7|STN|15:10|NCE|21:15|easyJet|690|8|26.01.2019|Saturday|so
507|14.09.2019|PRG|15:10|NCE|21:15|6:05|1338|PRG|15:10|STN|16:05|easyJet|887|4|STN|15:10|NCE|21:15|easyJet|450|8|26.01.2019|Saturday|so
508|10.10.2019|PRG|06:35|NCE|15:50|9:15|1356|PRG|06:35|STN|07:35|Ryanair|845|5|STN|06:35|NCE|15:50|easyJet|510|8|26.01.2019|Saturday|čt
509|05.10.2019|PRG|06:35|NCE|21:15|14:40|1356|PRG|06:35|STN|07:35|Ryanair|845|5|STN|06:35|NCE|21:15|easyJet|510|8|26.01.2019|Saturday|so
510|05.10.2019|PRG|16:20|NCE|21:15|4:55|1356|PRG|16:20|STN|17:10|Ryanair|845|5|STN|16:20|NCE|21:15|easyJet|510|8|26.01.2019|Saturday|so
511|03.10.2019|PRG|06:35|NCE|15:50|9:15|1356|PRG|06:35|STN|07:35|Ryanair|845|5|STN|06:35|NCE|15:50|easyJet|510|5|26.01.2019|Saturday|čt
512|25.10.2019|PRG|09:05|NCE|14:05|5:00|1364|PRG|09:05|NAP|11:05|easyJet|584|5|NAP|09:05|NCE|14:05|easyJet|780|6|26.01.2019|Saturday|pá
513|27.03.2019|LIS|06:40|PRG|22:40|15:00|907|LIS|06:40|STN|09:30|Ryanair|461||STN|06:40|PRG|22:40|Ryanair|445|3|26.01.2019|Saturday|st
514|26.03.2019|LIS|10:30|PRG|22:50|11:20|923|LIS|10:30|CRL|14:15|Ryanair|461||CRL|10:30|PRG|22:50|Ryanair|461||26.01.2019|Saturday|út
515|19.02.2019|LIS|10:30|PRG|22:50|11:20|974|LIS|10:30|CRL|14:15|Ryanair|513||CRL|10:30|PRG|22:50|Ryanair|461||26.01.2019|Saturday|út
516|26.02.2019|LIS|10:30|PRG|22:50|11:20|974|LIS|10:30|CRL|14:15|Ryanair|513||CRL|10:30|PRG|22:50|Ryanair|461||26.01.2019|Saturday|út
517|02.04.2019|LIS|06:30|PRG|20:40|13:10|996|LIS|06:30|STN|09:20|Ryanair|461|5|STN|06:30|PRG|20:40|Ryanair|534|1|26.01.2019|Saturday|út
518|19.03.2019|LIS|10:30|PRG|22:50|11:20|1026|LIS|10:30|CRL|14:15|Ryanair|513||CRL|10:30|PRG|22:50|Ryanair|513||26.01.2019|Saturday|út
519|21.03.2019|LIS|11:05|PRG|22:50|10:45|1026|LIS|11:05|CRL|14:50|Ryanair|513|5|CRL|11:05|PRG|22:50|Ryanair|513|5|26.01.2019|Saturday|čt
520|16.03.2019|LIS|10:40|PRG|21:25|9:45|1026|LIS|10:40|CRL|14:25|Ryanair|513||CRL|10:40|PRG|21:25|Ryanair|513|4|26.01.2019|Saturday|so
521|12.03.2019|LIS|06:40|PRG|20:10|12:30|1047|LIS|06:40|STN|09:30|Ryanair|513||STN|06:40|PRG|20:10|Ryanair|534|5|26.01.2019|Saturday|út
522|13.03.2019|LIS|06:40|PRG|22:40|15:00|1047|LIS|06:40|STN|09:30|Ryanair|513||STN|06:40|PRG|22:40|Ryanair|534||26.01.2019|Saturday|st
523|04.04.2019|LIS|06:40|PRG|21:40|14:00|1068|LIS|06:40|BVA|10:10|Ryanair|461||BVA|06:40|PRG|21:40|Ryanair|607||26.01.2019|Saturday|čt
524|30.03.2019|LIS|10:40|PRG|21:25|9:45|1068|LIS|10:40|CRL|14:25|Ryanair|461||CRL|10:40|PRG|21:25|Ryanair|607||26.01.2019|Saturday|so
525|28.03.2019|LIS|06:05|PRG|16:30|9:25|1099|LIS|06:05|PSA|09:50|Ryanair|513|3|PSA|06:05|PRG|16:30|Ryanair|586||26.01.2019|Saturday|čt
526|23.05.2019|LIS|14:40|PRG|23:15|7:35|1102|LIS|14:40|CRL|18:20|Ryanair|589||CRL|14:40|PRG|23:15|Ryanair|513||26.01.2019|Saturday|čt
527|09.05.2019|LIS|14:40|PRG|23:15|7:35|1102|LIS|14:40|CRL|18:20|Ryanair|589||CRL|14:40|PRG|23:15|Ryanair|513||26.01.2019|Saturday|čt
528|16.05.2019|LIS|14:40|PRG|23:15|7:35|1102|LIS|14:40|CRL|18:20|Ryanair|589||CRL|14:40|PRG|23:15|Ryanair|513||26.01.2019|Saturday|čt
529|28.05.2019|LIS|06:30|PRG|20:40|13:10|1107|LIS|06:30|STN|09:20|Ryanair|513||STN|06:30|PRG|20:40|Ryanair|594|1|26.01.2019|Saturday|út
530|27.03.2019|LIS|15:05|PRG|22:40|6:35|1115|LIS|15:05|STN|17:55|Ryanair|669|5|STN|15:05|PRG|22:40|Ryanair|445|3|26.01.2019|Saturday|st
531|26.03.2019|LIS|06:40|PRG|16:55|9:15|1116|LIS|06:40|STN|09:30|Ryanair|461||STN|06:40|PRG|16:55|Ryanair|654||26.01.2019|Saturday|út
532|26.03.2019|LIS|06:40|PRG|20:10|12:30|1116|LIS|06:40|STN|09:30|Ryanair|461||STN|06:40|PRG|20:10|Ryanair|654||26.01.2019|Saturday|út
533|12.03.2019|LIS|10:30|PRG|22:50|11:20|1120|LIS|10:30|CRL|14:15|Ryanair|513|1|CRL|10:30|PRG|22:50|Ryanair|607||26.01.2019|Saturday|út
534|04.04.2019|LIS|14:40|PRG|23:15|7:35|1120|LIS|14:40|CRL|18:20|Ryanair|513||CRL|14:40|PRG|23:15|Ryanair|607||26.01.2019|Saturday|čt
535|29.05.2019|LIS|08:40|PRG|14:45|5:05|1120|LIS|08:40|BGY|12:25|Ryanair|607||BGY|08:40|PRG|14:45|Ryanair|513||26.01.2019|Saturday|st
536|12.06.2019|LIS|08:40|PRG|14:45|5:05|1120|LIS|08:40|BGY|12:25|Ryanair|607||BGY|08:40|PRG|14:45|Ryanair|513||26.01.2019|Saturday|st
537|16.05.2019|LIS|06:40|PRG|21:40|14:00|1120|LIS|06:40|BVA|10:10|Ryanair|513|4|BVA|06:40|PRG|21:40|Ryanair|607||26.01.2019|Saturday|čt
538|26.06.2019|LIS|08:40|PRG|14:45|5:05|1120|LIS|08:40|BGY|12:25|Ryanair|607||BGY|08:40|PRG|14:45|Ryanair|513||26.01.2019|Saturday|st
539|03.04.2019|LIS|10:40|PRG|22:15|10:35|1127|LIS|10:40|LTN|13:25|Wizz Air|384||LTN|10:40|PRG|22:15|Wizz Air|742|5|26.01.2019|Saturday|st
540|12.06.2019|LIS|13:40|PRG|21:10|6:30|668|LIS|13:40|MXP|17:10|easyJet|341|8|MXP|13:40|PRG|21:10|easyJet|326|8|26.01.2019|Saturday|st
541|26.03.2019|LIS|07:05|PRG|20:55|12:50|744|LIS|07:05|LGW|09:55|easyJet|269|4|LGW|07:05|PRG|20:55|easyJet|475|3|26.01.2019|Saturday|út
542|27.03.2019|LIS|10:55|PRG|21:45|9:50|759|LIS|10:55|LTN|13:40|easyJet|224|8|LTN|10:55|PRG|21:45|Wizz Air|534|5|26.01.2019|Saturday|st
543|13.03.2019|LIS|10:55|PRG|21:45|9:50|759|LIS|10:55|LTN|13:40|easyJet|224|8|LTN|10:55|PRG|21:45|Wizz Air|534||26.01.2019|Saturday|st
544|07.05.2019|LIS|13:40|PRG|21:25|6:45|935|LIS|13:40|MXP|17:10|easyJet|730|3|MXP|13:40|PRG|21:25|easyJet|205|2|26.01.2019|Saturday|út
545|03.04.2019|LIS|13:40|PRG|21:10|6:30|935|LIS|13:40|MXP|17:10|easyJet|730|5|MXP|13:40|PRG|21:10|easyJet|205|1|26.01.2019|Saturday|st
546|27.03.2019|LIS|06:40|PRG|20:05|12:25|937|LIS|06:40|STN|09:30|Ryanair|461||STN|06:40|PRG|20:05|easyJet|475|4|26.01.2019|Saturday|st
547|30.06.2019|LIS|07:00|PRG|18:50|10:50|962|LIS|07:00|BSL|10:40|easyJet|639|7|BSL|07:00|PRG|18:50|easyJet|322|7|26.01.2019|Saturday|ne
548|12.03.2019|LIS|06:40|PRG|20:05|12:25|963|LIS|06:40|STN|09:30|Ryanair|513||STN|06:40|PRG|20:05|easyJet|450|8|26.01.2019|Saturday|út
549|13.03.2019|LIS|06:40|PRG|20:05|12:25|963|LIS|06:40|STN|09:30|Ryanair|513||STN|06:40|PRG|20:05|easyJet|450|8|26.01.2019|Saturday|st
550|13.06.2019|LIS|13:40|PRG|21:15|6:35|966|LIS|13:40|MXP|17:10|easyJet|639|8|MXP|13:40|PRG|21:15|easyJet|326|8|26.01.2019|Saturday|čt
551|12.03.2019|LIS|07:05|PRG|20:55|12:50|968|LIS|07:05|LGW|09:55|easyJet|457|8|LGW|07:05|PRG|20:55|easyJet|510|8|26.01.2019|Saturday|út
552|27.03.2019|LIS|06:30|PRG|20:55|13:25|968|LIS|06:30|LGW|09:20|easyJet|457|8|LGW|06:30|PRG|20:55|easyJet|510|8|26.01.2019|Saturday|st
553|26.03.2019|LIS|06:40|PRG|20:05|12:25|972|LIS|06:40|STN|09:30|Ryanair|461||STN|06:40|PRG|20:05|easyJet|510|6|26.01.2019|Saturday|út
554|03.04.2019|LIS|10:25|PRG|22:15|10:50|986|LIS|10:25|LTN|13:10|easyJet|243|2|LTN|10:25|PRG|22:15|Wizz Air|742|5|26.01.2019|Saturday|st
555|03.04.2019|LIS|15:45|PRG|22:15|5:30|986|LIS|15:45|LTN|18:30|easyJet|243|2|LTN|15:45|PRG|22:15|Wizz Air|742|5|26.01.2019|Saturday|st
556|02.04.2019|LIS|10:25|PRG|21:55|10:30|986|LIS|10:25|LTN|13:10|easyJet|243|4|LTN|10:25|PRG|21:55|Wizz Air|742|5|26.01.2019|Saturday|út
557|22.05.2019|LIS|13:40|PRG|21:10|6:30|992|LIS|13:40|MXP|17:10|easyJet|665|1|MXP|13:40|PRG|21:10|easyJet|326|2|26.01.2019|Saturday|st
558|02.04.2019|LIS|06:40|PRG|21:25|13:45|1024|LIS|06:40|LGW|09:25|easyJet|333|4|LGW|06:40|PRG|21:25|easyJet|690|8|26.01.2019|Saturday|út
559|04.06.2019|LIS|07:00|PRG|16:30|8:30|1027|LIS|07:00|MAD|09:20|easyJet|315|8|MAD|07:00|PRG|16:30|Ryanair|711|4|26.01.2019|Saturday|út
560|13.03.2019|LIS|06:30|PRG|20:55|13:25|1033|LIS|06:30|LGW|09:20|easyJet|522|8|LGW|06:30|PRG|20:55|easyJet|510|8|26.01.2019|Saturday|st
561|30.05.2019|LIS|13:40|PRG|21:15|6:35|1056|LIS|13:40|MXP|17:10|easyJet|639|2|MXP|13:40|PRG|21:15|easyJet|417|1|26.01.2019|Saturday|čt
562|27.03.2019|LIS|07:05|PRG|15:45|7:40|1079|LIS|07:05|BSL|10:55|easyJet|367|1|BSL|07:05|PRG|15:45|easyJet|711|7|26.01.2019|Saturday|st
563|05.06.2019|LIS|13:40|PRG|21:10|6:30|1082|LIS|13:40|MXP|17:10|easyJet|639|5|MXP|13:40|PRG|21:10|easyJet|443|4|26.01.2019|Saturday|st
564|21.05.2019|LIS|13:40|PRG|21:25|6:45|1082|LIS|13:40|MXP|17:10|easyJet|756|5|MXP|13:40|PRG|21:25|easyJet|326|8|26.01.2019|Saturday|út
565|19.03.2019|LIS|07:05|PRG|20:55|12:50|1085|LIS|07:05|LGW|09:55|easyJet|574|8|LGW|07:05|PRG|20:55|easyJet|510|8|26.01.2019|Saturday|út
566|02.04.2019|LIS|06:30|PRG|14:35|7:05|1092|LIS|06:30|STN|09:20|Ryanair|461|5|STN|06:30|PRG|14:35|easyJet|630|8|26.01.2019|Saturday|út
567|16.04.2019|LIS|13:40|PRG|21:25|6:45|1095|LIS|13:40|MXP|17:10|easyJet|522|8|MXP|13:40|PRG|21:25|easyJet|572|8|26.01.2019|Saturday|út
568|06.03.2019|LIS|06:40|PRG|20:05|12:25|1120|LIS|06:40|STN|09:30|Ryanair|669|5|STN|06:40|PRG|20:05|easyJet|450|8|26.01.2019|Saturday|st
569|19.03.2019|LIS|06:40|PRG|20:05|12:25|1120|LIS|06:40|STN|09:30|Ryanair|669|4|STN|06:40|PRG|20:05|easyJet|450|8|26.01.2019|Saturday|út
570|11.06.2019|LIS|13:40|PRG|21:25|6:45|1121|LIS|13:40|MXP|17:10|easyJet|794|3|MXP|13:40|PRG|21:25|easyJet|326|8|26.01.2019|Saturday|út
571|04.06.2019|LIS|13:40|PRG|21:25|6:45|1121|LIS|13:40|MXP|17:10|easyJet|794|2|MXP|13:40|PRG|21:25|easyJet|326|8|26.01.2019|Saturday|út
572|20.05.2019|LIS|13:40|PRG|21:10|6:30|1142|LIS|13:40|MXP|17:10|easyJet|937|2|MXP|13:40|PRG|21:10|easyJet|205|4|26.01.2019|Saturday|po
573|20.03.2019|LIS|06:40|PRG|20:05|12:25|1143|LIS|06:40|STN|09:30|Ryanair|513|4|STN|06:40|PRG|20:05|easyJet|630|5|26.01.2019|Saturday|st
574|28.03.2019|LIS|06:40|PRG|20:05|12:25|1145|LIS|06:40|STN|09:30|Ryanair|669||STN|06:40|PRG|20:05|easyJet|475|3|26.01.2019|Saturday|čt
575|06.06.2019|LIS|13:40|PRG|21:15|6:35|1147|LIS|13:40|MXP|17:10|easyJet|574|3|MXP|13:40|PRG|21:15|easyJet|572|6|26.01.2019|Saturday|čt
576|20.03.2019|LIS|06:30|PRG|20:55|13:25|1148|LIS|06:30|LGW|09:20|easyJet|457|8|LGW|06:30|PRG|20:55|easyJet|690|8|26.01.2019|Saturday|st
577|18.07.2019|LIS|14:40|PRG|23:15|7:35|1348|LIS|14:40|CRL|18:20|Ryanair|589||CRL|14:40|PRG|23:15|Ryanair|758||26.01.2019|Saturday|čt
578|11.07.2019|LIS|06:40|PRG|21:40|14:00|1429|LIS|06:40|BVA|10:10|Ryanair|513||BVA|06:40|PRG|21:40|Ryanair|916||26.01.2019|Saturday|čt
579|18.10.2019|LIS|06:40|PRG|15:35|7:55|1429|LIS|06:40|BVA|10:10|Ryanair|513||BVA|06:40|PRG|15:35|Ryanair|916||26.01.2019|Saturday|pá
580|04.07.2019|LIS|06:40|PRG|21:40|14:00|1429|LIS|06:40|BVA|10:10|Ryanair|513||BVA|06:40|PRG|21:40|Ryanair|916||26.01.2019|Saturday|čt
581|25.07.2019|LIS|06:40|PRG|21:40|14:00|1429|LIS|06:40|BVA|10:10|Ryanair|513|5|BVA|06:40|PRG|21:40|Ryanair|916||26.01.2019|Saturday|čt
582|24.07.2019|LIS|13:40|PRG|21:10|6:30|940|LIS|13:40|MXP|17:10|easyJet|431|3|MXP|13:40|PRG|21:10|easyJet|508|4|26.01.2019|Saturday|st
583|23.10.2019|LIS|13:40|PRG|21:10|6:30|940|LIS|13:40|MXP|17:10|easyJet|613|2|MXP|13:40|PRG|21:10|easyJet|326|5|26.01.2019|Saturday|st
584|15.09.2019|LIS|13:40|PRG|21:05|6:25|966|LIS|13:40|MXP|17:10|easyJet|639|4|MXP|13:40|PRG|21:05|easyJet|326|7|26.01.2019|Saturday|ne
585|01.10.2019|LIS|13:40|PRG|21:25|6:45|966|LIS|13:40|MXP|17:10|easyJet|639|1|MXP|13:40|PRG|21:25|easyJet|326|3|26.01.2019|Saturday|út
586|10.10.2019|LIS|13:40|PRG|21:15|6:35|966|LIS|13:40|MXP|17:10|easyJet|574|5|MXP|13:40|PRG|21:15|easyJet|391|5|26.01.2019|Saturday|čt
587|09.10.2019|LIS|13:40|PRG|21:10|6:30|966|LIS|13:40|MXP|17:10|easyJet|639|2|MXP|13:40|PRG|21:10|easyJet|326|3|26.01.2019|Saturday|st
588|15.10.2019|LIS|13:40|PRG|21:25|6:45|966|LIS|13:40|MXP|17:10|easyJet|639|1|MXP|13:40|PRG|21:25|easyJet|326|4|26.01.2019|Saturday|út
589|16.10.2019|LIS|13:40|PRG|21:10|6:30|966|LIS|13:40|MXP|17:10|easyJet|639|6|MXP|13:40|PRG|21:10|easyJet|326|8|26.01.2019|Saturday|st
590|08.10.2019|LIS|13:40|PRG|21:25|6:45|966|LIS|13:40|MXP|17:10|easyJet|639|5|MXP|13:40|PRG|21:25|easyJet|326|5|26.01.2019|Saturday|út
591|24.07.2019|LIS|08:40|PRG|14:45|5:05|1491|LIS|08:40|BGY|12:25|Ryanair|758||BGY|08:40|PRG|14:45|Ryanair|732||26.01.2019|Saturday|st
592|10.07.2019|LIS|08:40|PRG|14:45|5:05|1491|LIS|08:40|BGY|12:25|Ryanair|758||BGY|08:40|PRG|14:45|Ryanair|732||26.01.2019|Saturday|st
593|17.07.2019|LIS|08:40|PRG|14:45|5:05|1491|LIS|08:40|BGY|12:25|Ryanair|758||BGY|08:40|PRG|14:45|Ryanair|732||26.01.2019|Saturday|st
594|16.10.2019|LIS|08:40|PRG|14:45|5:05|1491|LIS|08:40|BGY|12:25|Ryanair|758||BGY|08:40|PRG|14:45|Ryanair|732||26.01.2019|Saturday|st
595|11.09.2019|LIS|08:40|PRG|14:45|5:05|1491|LIS|08:40|BGY|12:25|Ryanair|758||BGY|08:40|PRG|14:45|Ryanair|732||26.01.2019|Saturday|st
596|09.10.2019|LIS|08:40|PRG|14:45|5:05|1491|LIS|08:40|BGY|12:25|Ryanair|758||BGY|08:40|PRG|14:45|Ryanair|732||26.01.2019|Saturday|st
597|17.10.2019|LIS|13:40|PRG|21:15|6:35|1030|LIS|13:40|MXP|17:10|easyJet|639|5|MXP|13:40|PRG|21:15|easyJet|391|5|26.01.2019|Saturday|čt
598|24.10.2019|LIS|13:40|PRG|21:15|6:35|1030|LIS|13:40|MXP|17:10|easyJet|639|5|MXP|13:40|PRG|21:15|easyJet|391|5|26.01.2019|Saturday|čt
599|19.09.2019|LIS|13:40|PRG|21:15|6:35|1031|LIS|13:40|MXP|17:10|easyJet|704|1|MXP|13:40|PRG|21:15|easyJet|326|8|26.01.2019|Saturday|čt
600|11.10.2019|LIS|13:40|PRG|21:25|6:45|1056|LIS|13:40|MXP|17:10|easyJet|613|4|MXP|13:40|PRG|21:25|easyJet|443|2|26.01.2019|Saturday|pá
601|03.07.2019|LIS|13:40|PRG|21:10|6:30|1082|LIS|13:40|MXP|17:10|easyJet|639|1|MXP|13:40|PRG|21:10|easyJet|443|6|26.01.2019|Saturday|st
602|17.09.2019|LIS|13:40|PRG|21:25|6:45|1121|LIS|13:40|MXP|17:10|easyJet|794|6|MXP|13:40|PRG|21:25|easyJet|326|5|26.01.2019|Saturday|út
603|03.10.2019|LIS|13:40|PRG|21:15|6:35|1147|LIS|13:40|MXP|17:10|easyJet|704|1|MXP|13:40|PRG|21:15|easyJet|443|3|26.01.2019|Saturday|čt
604|25.09.2019|LIS|13:40|PRG|21:10|6:30|1147|LIS|13:40|MXP|17:10|easyJet|820|3|MXP|13:40|PRG|21:10|easyJet|326|5|26.01.2019|Saturday|st
605|22.10.2019|LIS|13:40|PRG|21:25|6:45|1186|LIS|13:40|MXP|17:10|easyJet|794|6|MXP|13:40|PRG|21:25|easyJet|391|4|26.01.2019|Saturday|út
606|02.10.2019|LIS|13:40|PRG|21:10|6:30|1186|LIS|13:40|MXP|17:10|easyJet|794|5|MXP|13:40|PRG|21:10|easyJet|391|3|26.01.2019|Saturday|st
607|21.07.2019|LIS|07:00|PRG|18:50|10:50|1186|LIS|07:00|BSL|10:40|easyJet|794|1|BSL|07:00|PRG|18:50|easyJet|391|7|26.01.2019|Saturday|ne
608|11.09.2019|LIS|13:40|PRG|21:10|6:30|1199|LIS|13:40|MXP|17:10|easyJet|872|5|MXP|13:40|PRG|21:10|easyJet|326|6|26.01.2019|Saturday|st
609|20.09.2019|LIS|13:40|PRG|21:25|6:45|1199|LIS|13:40|MXP|17:10|easyJet|756|5|MXP|13:40|PRG|21:25|easyJet|443|5|26.01.2019|Saturday|pá
610|10.09.2019|LIS|13:40|PRG|21:25|6:45|1199|LIS|13:40|MXP|17:10|easyJet|872|3|MXP|13:40|PRG|21:25|easyJet|326|7|26.01.2019|Saturday|út
611|18.09.2019|LIS|13:40|PRG|21:10|6:30|1212|LIS|13:40|MXP|17:10|easyJet|846|1|MXP|13:40|PRG|21:10|easyJet|365|5|26.01.2019|Saturday|st
612|10.07.2019|LIS|13:40|PRG|21:10|6:30|1238|LIS|13:40|MXP|17:10|easyJet|794|1|MXP|13:40|PRG|21:10|easyJet|443|6|26.01.2019|Saturday|st
613|07.10.2019|LIS|13:40|PRG|21:10|6:30|1238|LIS|13:40|MXP|17:10|easyJet|911|3|MXP|13:40|PRG|21:10|easyJet|326|5|26.01.2019|Saturday|po
614|23.10.2019|LIS|06:40|PRG|21:25|13:45|1243|LIS|06:40|LGW|09:25|easyJet|522|8|LGW|06:40|PRG|21:25|easyJet|720|4|26.01.2019|Saturday|st
615|16.10.2019|LIS|10:25|PRG|21:55|10:30|1258|LIS|10:25|LTN|13:10|easyJet|574|3|LTN|10:25|PRG|21:55|Wizz Air|683|2|26.01.2019|Saturday|st
616|21.10.2019|LIS|13:40|PRG|21:10|6:30|1264|LIS|13:40|MXP|17:10|easyJet|937|1|MXP|13:40|PRG|21:10|easyJet|326|5|26.01.2019|Saturday|po
617|25.10.2019|LIS|13:40|PRG|21:25|6:45|1264|LIS|13:40|MXP|17:10|easyJet|756|6|MXP|13:40|PRG|21:25|easyJet|508|5|26.01.2019|Saturday|pá
618|30.09.2019|LIS|13:40|PRG|21:10|6:30|1264|LIS|13:40|MXP|17:10|easyJet|937|3|MXP|13:40|PRG|21:10|easyJet|326|5|26.01.2019|Saturday|po
619|16.10.2019|LIS|06:40|PRG|21:25|13:45|1265|LIS|06:40|LGW|09:25|easyJet|574|1|LGW|06:40|PRG|21:25|easyJet|690|8|26.01.2019|Saturday|st
620|24.09.2019|LIS|13:40|PRG|21:25|6:45|1290|LIS|13:40|MXP|17:10|easyJet|963|5|MXP|13:40|PRG|21:25|easyJet|326|5|26.01.2019|Saturday|út
621|15.10.2019|LIS|10:25|PRG|22:25|11:00|1296|LIS|10:25|LTN|13:10|easyJet|613|5|LTN|10:25|PRG|22:25|Wizz Air|683|3|26.01.2019|Saturday|út
622|15.10.2019|LIS|06:40|PRG|21:25|13:45|1304|LIS|06:40|LGW|09:25|easyJet|613|1|LGW|06:40|PRG|21:25|easyJet|690|4|26.01.2019|Saturday|út
623|17.07.2019|LIS|13:40|PRG|21:10|6:30|1329|LIS|13:40|MXP|17:10|easyJet|522|7|MXP|13:40|PRG|21:10|easyJet|806|7|26.01.2019|Saturday|st
624|10.07.2019|LIS|06:40|PRG|21:25|13:45|1329|LIS|06:40|LGW|09:25|easyJet|548|5|LGW|06:40|PRG|21:25|easyJet|780|1|26.01.2019|Saturday|st
625|23.10.2019|LIS|10:25|PRG|21:55|10:30|1348|LIS|10:25|LTN|13:10|easyJet|665|2|LTN|10:25|PRG|21:55|Wizz Air|683|2|26.01.2019|Saturday|st
626|22.10.2019|LIS|06:40|PRG|21:25|13:45|1360|LIS|06:40|LGW|09:25|easyJet|639|2|LGW|06:40|PRG|21:25|easyJet|720|5|26.01.2019|Saturday|út
627|17.10.2019|LIS|15:45|PRG|22:25|5:40|1377|LIS|15:45|LTN|18:30|easyJet|574|5|LTN|15:45|PRG|22:25|Wizz Air|802|3|26.01.2019|Saturday|čt
628|17.10.2019|LIS|10:05|PRG|22:25|11:20|1377|LIS|10:05|LTN|12:50|easyJet|574|6|LTN|10:05|PRG|22:25|Wizz Air|802|3|26.01.2019|Saturday|čt
629|13.10.2019|LIS|13:40|PRG|21:05|6:25|1380|LIS|13:40|MXP|17:10|easyJet|937|1|MXP|13:40|PRG|21:05|easyJet|443|3|26.01.2019|Saturday|ne
630|20.10.2019|LIS|07:00|PRG|18:50|10:50|1385|LIS|07:00|BSL|10:40|easyJet|1028|1|BSL|07:00|PRG|18:50|easyJet|357|4|26.01.2019|Saturday|ne
631|08.10.2019|LIS|06:40|PRG|21:25|13:45|1395|LIS|06:40|LGW|09:25|easyJet|704|5|LGW|06:40|PRG|21:25|easyJet|690|4|26.01.2019|Saturday|út
632|14.10.2019|LIS|13:40|PRG|21:10|6:30|1419|LIS|13:40|MXP|17:10|easyJet|1093|3|MXP|13:40|PRG|21:10|easyJet|326|5|26.01.2019|Saturday|po
633|06.09.2019|LIS|13:40|PRG|21:25|6:45|1445|LIS|13:40|MXP|17:10|easyJet|1002|1|MXP|13:40|PRG|21:25|easyJet|443|1|26.01.2019|Saturday|pá
634|26.09.2019|LIS|13:40|PRG|21:15|6:35|1445|LIS|13:40|MXP|17:10|easyJet|872|3|MXP|13:40|PRG|21:15|easyJet|572|5|26.01.2019|Saturday|čt
635|13.09.2019|LIS|13:40|PRG|21:25|6:45|1445|LIS|13:40|MXP|17:10|easyJet|1028|5|MXP|13:40|PRG|21:25|easyJet|417|3|26.01.2019|Saturday|pá
636|22.10.2019|LIS|10:25|PRG|22:25|11:00|1447|LIS|10:25|LTN|13:10|easyJet|704|5|LTN|10:25|PRG|22:25|Wizz Air|742|5|26.01.2019|Saturday|út
637|07.07.2019|LIS|07:00|PRG|18:50|10:50|1448|LIS|07:00|BSL|10:40|easyJet|496|8|BSL|07:00|PRG|18:50|easyJet|951|5|26.01.2019|Saturday|ne
638|27.09.2019|LIS|13:40|PRG|21:25|6:45|1471|LIS|13:40|MXP|17:10|easyJet|963|5|MXP|13:40|PRG|21:25|easyJet|508|1|26.01.2019|Saturday|pá
639|24.09.2019|LIS|06:40|PRG|21:25|13:45|1477|LIS|06:40|LGW|09:25|easyJet|846|5|LGW|06:40|PRG|21:25|easyJet|630|2|26.01.2019|Saturday|út
640|06.10.2019|LIS|13:40|PRG|21:05|6:25|1484|LIS|13:40|MXP|17:10|easyJet|1093|3|MXP|13:40|PRG|21:05|easyJet|391|5|26.01.2019|Saturday|ne
